timestamp,machine_id,batch_id,paper_grade,moisture_pct,temperature_C,humidity_pct,cycle_start,cycle_end,deviation_flag
2025-09-01 07:00:00,M004,BATCH_001,coated,6.2295100499921885,28.04883449516052,56.041925652592944,2025-09-01 07:00:00,2025-09-01 09:00:00,0
2025-09-01 07:10:00,M004,BATCH_001,coated,6.525638642190026,24.146737581180123,54.039701139156065,2025-09-01 07:00:00,2025-09-01 09:00:00,0
2025-09-01 07:20:00,M004,BATCH_001,coated,6.52863988090415,22.919656851223685,54.670740428480336,2025-09-01 07:00:00,2025-09-01 09:00:00,0
2025-09-01 07:30:00,M004,BATCH_001,coated,6.439982729142997,29.41403261818475,33.00034610388785,2025-09-01 07:00:00,2025-09-01 09:00:00,0
2025-09-01 07:40:00,M004,BATCH_001,coated,7.116764448075644,23.82423832217962,45.11531539560838,2025-09-01 07:00:00,2025-09-01 09:00:00,0
2025-09-01 07:50:00,M004,BATCH_001,coated,6.734035149916316,30.742253848246477,43.95957158097069,2025-09-01 07:00:00,2025-09-01 09:00:00,0
2025-09-01 08:00:00,M004,BATCH_001,coated,7.001801590076992,27.261452892880172,52.80019846096053,2025-09-01 07:00:00,2025-09-01 09:00:00,0
2025-09-01 08:10:00,M004,BATCH_001,coated,6.190801349667958,24.550402561613172,61.07950725326535,2025-09-01 07:00:00,2025-09-01 09:00:00,0
2025-09-01 08:20:00,M004,BATCH_001,coated,6.4228708185960555,25.575214471609186,52.89680515709388,2025-09-01 07:00:00,2025-09-01 09:00:00,0
2025-09-01 08:30:00,M004,BATCH_001,coated,6.96662511884609,,58.58619749513323,2025-09-01 07:00:00,2025-09-01 09:00:00,0
2025-09-01 08:40:00,M004,BATCH_001,coated,6.373174747047138,22.673902816037042,52.67225730052637,2025-09-01 07:00:00,2025-09-01 09:00:00,0
2025-09-01 08:50:00,M004,BATCH_001,coated,5.795484570380045,22.880460130232247,47.76938753066929,2025-09-01 07:00:00,2025-09-01 09:00:00,0
2025-09-01 09:00:00,M004,BATCH_001,coated,5.918775494330008,23.756015408532267,53.04665629304146,2025-09-01 07:00:00,2025-09-01 09:00:00,0
2025-09-01 11:00:00,M003,BATCH_002,coated,6.807609809378774,26.008596059160027,46.621487029744266,2025-09-01 11:00:00,2025-09-01 13:00:00,0
2025-09-01 11:10:00,M003,BATCH_002,coated,7.156758082283911,26.806749409158304,39.50936935864354,2025-09-01 11:00:00,2025-09-01 13:00:00,0
2025-09-01 11:20:00,M003,BATCH_002,coated,6.371112922273678,27.047249669791178,48.426696427399655,2025-09-01 11:00:00,2025-09-01 13:00:00,0
2025-09-01 11:30:00,M003,BATCH_002,coated,7.03645303047784,25.06520425269448,62.626273707547085,2025-09-01 11:00:00,2025-09-01 13:00:00,0
2025-09-01 11:40:00,M003,BATCH_002,coated,6.412548264039665,23.316083315123038,50.38300394272789,2025-09-01 11:00:00,2025-09-01 13:00:00,0
2025-09-01 11:50:00,M003,BATCH_002,coated,6.1643835887182306,24.36568117988656,46.873215052030844,2025-09-01 11:00:00,2025-09-01 13:00:00,0
2025-09-01 12:00:00,M003,BATCH_002,coated,5.971183674893917,27.112276141997036,50.02245874251229,2025-09-01 11:00:00,2025-09-01 13:00:00,0
2025-09-01 12:10:00,M003,BATCH_002,coated,6.606914889701111,21.608568164984437,56.740393998248535,2025-09-01 11:00:00,2025-09-01 13:00:00,0
2025-09-01 12:20:00,M003,BATCH_002,coated,5.517994205708141,24.536689057317083,50.22192616688424,2025-09-01 11:00:00,2025-09-01 13:00:00,0
2025-09-01 12:30:00,M003,BATCH_002,,5.6438564243471046,28.224230900402702,46.69076229136462,2025-09-01 11:00:00,2025-09-01 13:00:00,0
2025-09-01 12:40:00,M003,BATCH_002,coated,6.2104157393779476,25.348773637230472,53.9943629044609,2025-09-01 11:00:00,2025-09-01 13:00:00,0
2025-09-01 12:50:00,M003,BATCH_002,coated,6.768698320340757,23.35226032421526,50.73080640226784,2025-09-01 11:00:00,2025-09-01 13:00:00,0
2025-09-01 13:00:00,M003,BATCH_002,coated,6.454683981980907,26.882718529437927,55.886691643420534,2025-09-01 11:00:00,2025-09-01 13:00:00,0
2025-09-01 15:00:00,M002,BATCH_003,kraft,6.512450711409833,25.60999952521761,,2025-09-01 15:00:00,2025-09-01 17:00:00,0
2025-09-01 15:10:00,M002,BATCH_003,kraft,6.49677164484505,25.42973284303465,56.21212680535148,2025-09-01 15:00:00,2025-09-01 17:00:00,0
2025-09-01 15:20:00,M002,BATCH_003,kraft,6.573453321730301,25.58511700598377,,2025-09-01 15:00:00,2025-09-01 17:00:00,0
2025-09-01 15:30:00,M002,BATCH_003,kraft,6.295476568730259,25.074754562076492,54.669349236353554,2025-09-01 15:00:00,2025-09-01 17:00:00,0
2025-09-01 15:40:00,M002,BATCH_003,kraft,5.810699061660961,24.34403868125703,51.95902949417648,2025-09-01 15:00:00,2025-09-01 17:00:00,0
2025-09-01 15:50:00,M002,BATCH_003,kraft,6.874160877324349,25.321070983061187,46.939536008290176,2025-09-01 15:00:00,2025-09-01 17:00:00,0
2025-09-01 16:00:00,M002,BATCH_003,,6.844247798688711,,52.340290871622535,2025-09-01 15:00:00,2025-09-01 17:00:00,0
2025-09-01 16:10:00,M002,BATCH_003,kraft,,25.446975407738055,48.85223031250363,2025-09-01 15:00:00,2025-09-01 17:00:00,0
2025-09-01 16:20:00,M002,BATCH_003,kraft,6.295038813905152,,43.9270061768648,2025-09-01 15:00:00,2025-09-01 17:00:00,0
2025-09-01 16:30:00,M002,BATCH_003,kraft,5.668132623436257,27.576619080917844,46.87368561614936,2025-09-01 15:00:00,2025-09-01 17:00:00,0
2025-09-01 16:40:00,M002,BATCH_003,kraft,7.477637745531235,21.210417980045666,48.756823818494624,2025-09-01 15:00:00,2025-09-01 17:00:00,0
2025-09-01 16:50:00,M002,BATCH_003,kraft,7.147485051748783,22.445713406862335,43.846557881478205,2025-09-01 15:00:00,2025-09-01 17:00:00,0
2025-09-01 17:00:00,M002,BATCH_003,kraft,6.66914396193673,26.02057111006211,50.252067795194066,2025-09-01 15:00:00,2025-09-01 17:00:00,0
2025-09-01 19:00:00,M003,BATCH_004,newsprint,6.093843359615426,24.70640783519891,60.26152042413789,2025-09-01 19:00:00,2025-09-01 21:00:00,0
2025-09-01 19:10:00,M003,BATCH_004,newsprint,7.072686206036499,25.15295983661438,45.696722672918405,2025-09-01 19:00:00,2025-09-01 21:00:00,0
2025-09-01 19:20:00,M003,BATCH_004,newsprint,6.306150510301865,28.209920273857037,55.4943093182366,2025-09-01 19:00:00,2025-09-01 21:00:00,0
2025-09-01 19:30:00,M003,BATCH_004,newsprint,5.698412569942668,,52.794428746411704,2025-09-01 19:00:00,2025-09-01 21:00:00,0
2025-09-01 19:40:00,M003,BATCH_004,newsprint,7.409438009519258,21.938074833655875,50.437444422308744,2025-09-01 19:00:00,2025-09-01 21:00:00,0
2025-09-01 19:50:00,M003,BATCH_004,newsprint,7.168975634709727,27.2607854058178,42.791011679664585,2025-09-01 19:00:00,2025-09-01 21:00:00,0
2025-09-01 20:00:00,M003,BATCH_004,newsprint,6.156597442854502,25.93226536601034,47.240972940743895,2025-09-01 19:00:00,2025-09-01 21:00:00,0
2025-09-01 20:10:00,M003,BATCH_004,newsprint,6.811255454878443,24.945707656889343,56.21199901998692,2025-09-01 19:00:00,2025-09-01 21:00:00,0
2025-09-01 20:20:00,M003,BATCH_004,newsprint,5.673055182003941,24.32317969783983,57.028057311388196,2025-09-01 19:00:00,2025-09-01 21:00:00,0
2025-09-01 20:30:00,M003,BATCH_004,newsprint,5.936115829758871,26.293502440992125,46.44419019308346,2025-09-01 19:00:00,2025-09-01 21:00:00,0
2025-09-01 20:40:00,M003,BATCH_004,newsprint,6.259906926644141,27.615990849077324,54.7823448290718,2025-09-01 19:00:00,2025-09-01 21:00:00,0
2025-09-01 20:50:00,M003,BATCH_004,newsprint,7.012452012541932,22.409677604289552,51.68664739452721,2025-09-01 19:00:00,2025-09-01 21:00:00,0
2025-09-01 21:00:00,M003,BATCH_004,newsprint,6.632849031119073,26.992860891704375,56.283883031276574,2025-09-01 19:00:00,2025-09-01 21:00:00,0
2025-09-01 23:00:00,M001,BATCH_005,newsprint,5.39193790064204,24.34258139036382,50.6075892148,2025-09-01 23:00:00,2025-09-02 01:00:00,0
2025-09-01 23:10:00,M001,BATCH_005,newsprint,6.75287864209826,23.955330004408736,47.04113234018578,2025-09-01 23:00:00,2025-09-02 01:00:00,0
2025-09-01 23:20:00,M001,BATCH_005,newsprint,6.504146229319578,25.80335944983537,59.388026202700786,2025-09-01 23:00:00,2025-09-02 01:00:00,0
2025-09-01 23:30:00,M001,BATCH_005,newsprint,6.227701608950311,25.752383050345873,46.44411279894437,2025-09-01 23:00:00,2025-09-02 01:00:00,0
2025-09-01 23:40:00,M001,BATCH_005,newsprint,7.4755202377402,23.482016375408808,51.146357647103095,2025-09-01 23:00:00,2025-09-02 01:00:00,0
2025-09-01 23:50:00,M001,BATCH_005,newsprint,7.203416939091666,22.86117443919615,43.90281753998008,2025-09-01 23:00:00,2025-09-02 01:00:00,0
2025-09-02 00:00:00,M001,BATCH_005,newsprint,6.817579389189871,23.72020107442676,58.000297611478835,2025-09-01 23:00:00,2025-09-02 01:00:00,0
2025-09-02 00:10:00,M001,BATCH_005,newsprint,6.134733942512042,22.98076323385446,44.98706832749759,2025-09-01 23:00:00,2025-09-02 01:00:00,0
2025-09-02 00:20:00,M001,BATCH_005,newsprint,6.53409184871032,20.810839594148923,51.02002261657805,2025-09-01 23:00:00,2025-09-02 01:00:00,0
2025-09-02 00:30:00,M001,BATCH_005,newsprint,6.694071308348556,21.485843433485122,47.58780351627287,2025-09-01 23:00:00,2025-09-02 01:00:00,0
2025-09-02 00:40:00,UNKNOWN,BATCH_005,newsprint,6.246136939289833,27.777332976802462,50.30277137606369,2025-09-01 23:00:00,2025-09-02 01:00:00,0
2025-09-02 00:50:00,M001,BATCH_005,newsprint,6.475534992478073,23.90240644296923,55.37736376733724,2025-09-01 23:00:00,2025-09-02 01:00:00,0
2025-09-02 01:00:00,M001,BATCH_005,newsprint,6.91670843040264,22.048326847948296,53.73561837811065,2025-09-01 23:00:00,2025-09-02 01:00:00,0
2025-09-02 03:00:00,M004,BATCH_006,kraft,7.0012912870450865,25.451703394085527,54.87637739342334,2025-09-02 03:00:00,2025-09-02 05:00:00,0
2025-09-02 03:10:00,M004,BATCH_006,kraft,6.869241212270329,21.921952928888814,46.92664531812801,2025-09-02 03:00:00,2025-09-02 05:00:00,0
2025-09-02 03:20:00,M004,BATCH_006,kraft,6.6040740335492805,24.62419685002273,45.68415203660683,2025-09-02 03:00:00,2025-09-02 05:00:00,0
2025-09-02 03:30:00,M004,BATCH_006,kraft,5.8812279704113175,22.41529916806895,40.00383125827659,2025-09-02 03:00:00,2025-09-02 05:00:00,0
2025-09-02 03:40:00,M004,BATCH_006,kraft,6.463089159017751,24.446363897372308,43.19863838739156,2025-09-02 03:00:00,2025-09-02 05:00:00,0
2025-09-02 03:50:00,M004,BATCH_006,kraft,6.7927863497034915,23.049423982042338,41.77974142501858,2025-09-02 03:00:00,2025-09-02 05:00:00,0
2025-09-02 04:00:00,M004,BATCH_006,kraft,5.864376078517585,22.894006757645304,51.396499485355974,2025-09-02 03:00:00,2025-09-02 05:00:00,0
2025-09-02 04:10:00,M004,BATCH_006,kraft,,25.642212729089394,49.43127968077487,2025-09-02 03:00:00,2025-09-02 05:00:00,0
2025-09-02 04:20:00,M004,BATCH_006,kraft,7.17897252064493,24.769099355717362,46.18143196071298,2025-09-02 03:00:00,2025-09-02 05:00:00,0
2025-09-02 04:30:00,M004,BATCH_006,kraft,5.120404457727493,24.687655276523365,54.220910248199445,2025-09-02 03:00:00,2025-09-02 05:00:00,0
2025-09-02 04:40:00,M004,BATCH_006,kraft,6.4520832990026165,24.90599493045261,51.38399705427668,2025-09-02 03:00:00,2025-09-02 05:00:00,0
2025-09-02 04:50:00,M004,BATCH_006,kraft,6.437000800606829,26.079693229085372,45.843765528120045,2025-09-02 03:00:00,2025-09-02 05:00:00,0
2025-09-02 05:00:00,M004,BATCH_006,kraft,6.400189215872654,23.893864514948106,54.48108908665576,2025-09-02 03:00:00,2025-09-02 05:00:00,0
2025-09-02 07:00:00,M004,BATCH_007,coated,7.286133515016186,28.265200224835773,,2025-09-02 07:00:00,2025-09-02 09:00:00,0
2025-09-02 07:10:00,M004,BATCH_007,coated,6.491708691582996,26.084640248076465,48.64625678048886,2025-09-02 07:00:00,2025-09-02 09:00:00,0
2025-09-02 07:20:00,M004,BATCH_007,coated,5.920890505837369,25.254861807549677,48.5033767556337,2025-09-02 07:00:00,2025-09-02 09:00:00,0
2025-09-02 07:30:00,M004,BATCH_007,coated,5.949336735149167,25.52482875762567,48.4265546863531,2025-09-02 07:00:00,2025-09-02 09:00:00,0
2025-09-02 07:40:00,M004,BATCH_007,coated,5.809764145723815,24.431626327489752,55.30318779700785,2025-09-02 07:00:00,2025-09-02 09:00:00,0
2025-09-02 07:50:00,M004,BATCH_007,coated,7.027078303084537,26.278107906721164,49.91503698518807,2025-09-02 07:00:00,2025-09-02 09:00:00,0
2025-09-02 08:00:00,M004,BATCH_007,coated,6.639996837185997,24.607720445892934,50.3281861787227,2025-09-02 07:00:00,2025-09-02 09:00:00,0
2025-09-02 08:10:00,M004,BATCH_007,coated,6.066731126548932,27.12626260247394,46.294024289228645,2025-09-02 07:00:00,2025-09-02 09:00:00,0
2025-09-02 08:20:00,M004,BATCH_007,coated,7.200579395859949,,47.271563401348885,2025-09-02 07:00:00,2025-09-02 09:00:00,0
2025-09-02 08:30:00,M004,BATCH_007,coated,6.469550456254808,26.421242108591727,53.89227814051412,2025-09-02 07:00:00,2025-09-02 09:00:00,0
2025-09-02 08:40:00,M004,BATCH_007,coated,6.271170782571532,26.42794576201019,53.719224491167964,2025-09-02 07:00:00,2025-09-02 09:00:00,0
2025-09-02 08:50:00,M004,BATCH_007,coated,6.3813086269801325,26.40932190657578,42.385353947354915,2025-09-02 07:00:00,2025-09-02 09:00:00,0
2025-09-02 09:00:00,M004,BATCH_007,coated,6.213414105418084,26.38834975051178,49.29725919692888,2025-09-02 07:00:00,2025-09-02 09:00:00,0
2025-09-02 11:00:00,M003,BATCH_008,kraft,6.688212134345959,23.336713500032396,49.95697344170385,2025-09-02 11:00:00,2025-09-02 13:00:00,0
2025-09-02 11:10:00,M003,BATCH_008,kraft,5.962446087445213,22.175456377916035,44.33883980873055,2025-09-02 11:00:00,2025-09-02 13:00:00,0
2025-09-02 11:20:00,M003,BATCH_008,kraft,7.063345366680573,23.95591059005398,,2025-09-02 11:00:00,2025-09-02 13:00:00,0
2025-09-02 11:30:00,M003,BATCH_008,kraft,5.773429348630576,23.998685901206485,53.82951847427787,2025-09-02 11:00:00,2025-09-02 13:00:00,0
2025-09-02 11:40:00,M003,BATCH_008,kraft,6.520172001918228,25.326325177069553,37.933838246088285,2025-09-02 11:00:00,2025-09-02 13:00:00,0
2025-09-02 11:50:00,M003,BATCH_008,kraft,7.848717455593404,25.564355689852857,42.26535758220239,2025-09-02 11:00:00,2025-09-02 13:00:00,0
2025-09-02 12:00:00,M003,BATCH_008,kraft,6.365259127736704,23.082574261472555,51.78573619275121,2025-09-02 11:00:00,2025-09-02 13:00:00,0
2025-09-02 12:10:00,M003,BATCH_008,kraft,5.983539469917793,25.58347656788748,51.487792009801126,2025-09-02 11:00:00,2025-09-02 13:00:00,0
2025-09-02 12:20:00,M003,BATCH_008,kraft,6.20299420546573,26.180770222144155,49.83558499654552,2025-09-02 11:00:00,2025-09-02 13:00:00,0
2025-09-02 12:30:00,M003,BATCH_008,kraft,6.174702095234205,24.800369474094484,49.80591194969094,2025-09-02 11:00:00,2025-09-02 13:00:00,0
2025-09-02 12:40:00,M003,BATCH_008,kraft,6.418318089443988,25.038938018441307,48.39151043176536,2025-09-02 11:00:00,2025-09-02 13:00:00,0
2025-09-02 12:50:00,M003,BATCH_008,kraft,7.0704871983851,25.34729611156474,55.19098873026101,2025-09-02 11:00:00,2025-09-02 13:00:00,0
2025-09-02 13:00:00,M003,BATCH_008,kraft,,25.119793269762763,54.49970193043113,2025-09-02 11:00:00,2025-09-02 13:00:00,0
2025-09-02 15:00:00,M004,BATCH_009,newsprint,6.467726843334764,24.245060156444655,56.45808941739523,2025-09-02 15:00:00,2025-09-02 17:00:00,0
2025-09-02 15:10:00,M004,BATCH_009,newsprint,6.84196569507118,25.200645722017775,46.748021632992845,2025-09-02 15:00:00,2025-09-02 17:00:00,0
2025-09-02 15:20:00,M004,BATCH_009,newsprint,6.722530298137243,26.18706810134099,48.812330872783726,2025-09-02 15:00:00,2025-09-02 17:00:00,0
2025-09-02 15:30:00,M004,BATCH_009,newsprint,6.542707522168313,25.534203536893287,41.837550290856385,2025-09-02 15:00:00,2025-09-02 17:00:00,0
2025-09-02 15:40:00,M004,BATCH_009,newsprint,7.3477958503578815,26.46967088435248,40.37511914379107,2025-09-02 15:00:00,2025-09-02 17:00:00,0
2025-09-02 15:50:00,M004,BATCH_009,newsprint,7.17334670008647,26.5540364542558,46.43837098684118,2025-09-02 15:00:00,2025-09-02 17:00:00,0
2025-09-02 16:00:00,M004,BATCH_009,newsprint,5.972771920291024,24.998376205798355,46.40728429417395,2025-09-02 15:00:00,2025-09-02 17:00:00,0
2025-09-02 16:10:00,M004,BATCH_009,newsprint,6.667831713687191,28.036312007646664,42.68896661498501,2025-09-02 15:00:00,2025-09-02 17:00:00,0
2025-09-02 16:20:00,M004,BATCH_009,newsprint,6.484674051670377,28.256839494298095,59.95345572589885,2025-09-02 15:00:00,2025-09-02 17:00:00,0
2025-09-02 16:30:00,M004,BATCH_009,newsprint,6.686550703408141,23.82644041459177,53.04225221683989,2025-09-02 15:00:00,2025-09-02 17:00:00,0
2025-09-02 16:40:00,M004,BATCH_009,,6.063223162041284,23.234047560700592,56.44459636939715,2025-09-02 15:00:00,2025-09-02 17:00:00,0
2025-09-02 16:50:00,M004,BATCH_009,newsprint,6.599890125481246,26.08323616611329,44.71180198949187,2025-09-02 15:00:00,2025-09-02 17:00:00,0
2025-09-02 17:00:00,M004,BATCH_009,newsprint,6.320235848373892,24.052147173145407,45.30449607468372,2025-09-02 15:00:00,2025-09-02 17:00:00,0
2025-09-02 19:00:00,M001,BATCH_010,newsprint,6.725526467099363,25.34096216521976,45.475051937760334,2025-09-02 19:00:00,2025-09-02 21:00:00,0
2025-09-02 19:10:00,M001,BATCH_010,newsprint,6.994893368645336,24.151296956955267,43.59541950400962,2025-09-02 19:00:00,2025-09-02 21:00:00,0
2025-09-02 19:20:00,M001,BATCH_010,newsprint,6.217488337744932,25.261881148681564,49.98213841705608,2025-09-02 19:00:00,2025-09-02 21:00:00,0
2025-09-02 19:30:00,M001,BATCH_010,newsprint,6.3155570124095215,26.55341490266526,52.034475041119634,2025-09-02 19:00:00,2025-09-02 21:00:00,0
2025-09-02 19:40:00,M001,BATCH_010,newsprint,5.685290633701983,22.621263103508024,66.0735852871515,2025-09-02 19:00:00,2025-09-02 21:00:00,0
2025-09-02 19:50:00,M001,BATCH_010,,7.391104430446722,21.92132246785132,61.267287904340016,2025-09-02 19:00:00,2025-09-02 21:00:00,0
2025-09-02 20:00:00,M001,BATCH_010,newsprint,6.149164878550906,24.02731831346692,48.19881891809703,2025-09-02 19:00:00,2025-09-02 21:00:00,0
2025-09-02 20:10:00,M001,BATCH_010,newsprint,6.633737654524493,28.33205414589291,57.744204961395226,2025-09-02 19:00:00,2025-09-02 21:00:00,0
2025-09-02 20:20:00,M001,BATCH_010,newsprint,7.2526001967317,26.318739931635218,52.344845155267286,2025-09-02 19:00:00,2025-09-02 21:00:00,0
2025-09-02 20:30:00,M001,BATCH_010,newsprint,6.439837484252559,23.501596269621245,61.2211765442939,2025-09-02 19:00:00,2025-09-02 21:00:00,0
2025-09-02 20:40:00,M001,BATCH_010,newsprint,8.963053762309844,21.813448855950377,56.248355615334894,2025-09-02 19:00:00,2025-09-02 21:00:00,0
2025-09-02 20:50:00,M001,BATCH_010,newsprint,6.141433242406268,25.973440489220867,51.92632810330233,2025-09-02 19:00:00,2025-09-02 21:00:00,0
2025-09-02 21:00:00,M001,BATCH_010,newsprint,5.744709334933365,25.025672956118985,52.70655545404768,2025-09-02 19:00:00,2025-09-02 21:00:00,0
2025-09-02 23:00:00,M002,BATCH_011,newsprint,5.912386246373571,26.41972243390546,50.1494912862226,2025-09-02 23:00:00,2025-09-03 01:00:00,1
2025-09-02 23:10:00,M002,BATCH_011,newsprint,6.510986048931418,27.259751666692924,52.202621079643905,2025-09-02 23:00:00,2025-09-03 01:00:00,1
2025-09-02 23:20:00,M002,BATCH_011,newsprint,6.0665061195059815,23.114424898180996,54.4201195535321,2025-09-02 23:00:00,2025-09-03 01:00:00,1
2025-09-02 23:30:00,M002,BATCH_011,newsprint,6.369583398717256,24.862998744393117,47.33050646857678,2025-09-02 23:00:00,2025-09-03 01:00:00,1
2025-09-02 23:40:00,M002,BATCH_011,newsprint,6.800791826692776,24.560798813514587,46.55126920713939,2025-09-02 23:00:00,2025-09-03 01:00:00,1
2025-09-02 23:50:00,M002,BATCH_011,newsprint,6.650332899900667,25.93139321020888,62.966154835405526,2025-09-02 23:00:00,2025-09-03 01:00:00,1
2025-09-03 00:00:00,M002,BATCH_011,newsprint,,27.23226788044115,46.79306466375777,2025-09-02 23:00:00,2025-09-03 01:00:00,1
2025-09-03 00:10:00,M002,BATCH_011,newsprint,6.514055951232837,26.643917534634706,51.314223833584286,2025-09-02 23:00:00,2025-09-03 01:00:00,1
2025-09-03 00:20:00,M002,BATCH_011,newsprint,7.195995100452104,25.850760857751023,48.90737090135591,2025-09-02 23:00:00,2025-09-03 01:00:00,1
2025-09-03 00:30:00,M002,BATCH_011,newsprint,,18.495864034943253,45.421333210258396,2025-09-02 23:00:00,2025-09-03 01:00:00,1
2025-09-03 00:40:00,M002,BATCH_011,newsprint,6.739797617484924,26.807185274534902,52.94660383684879,2025-09-02 23:00:00,2025-09-03 01:00:00,1
2025-09-03 00:50:00,M002,BATCH_011,newsprint,6.7925351775304295,24.22903290987555,61.182933335466615,2025-09-02 23:00:00,2025-09-03 01:00:00,1
2025-09-03 01:00:00,M002,BATCH_011,newsprint,5.289967465580484,,43.176667216338,2025-09-02 23:00:00,2025-09-03 01:00:00,1
2025-09-03 03:00:00,M002,BATCH_012,coated,6.662506232673133,,46.63827915372366,2025-09-03 03:00:00,2025-09-03 05:00:00,0
2025-09-03 03:10:00,M002,BATCH_012,coated,5.843431316579751,22.55970061579898,47.8577691007712,2025-09-03 03:00:00,2025-09-03 05:00:00,0
2025-09-03 03:20:00,M002,BATCH_012,coated,5.594239895473047,28.27901628360309,48.65435574177975,2025-09-03 03:00:00,2025-09-03 05:00:00,0
2025-09-03 03:30:00,M002,BATCH_012,coated,7.26303658390899,23.86362542329362,53.6890615149034,2025-09-03 03:00:00,2025-09-03 05:00:00,0
2025-09-03 03:40:00,M002,BATCH_012,coated,6.568621269819677,25.24965107416797,47.23351100519254,2025-09-03 03:00:00,2025-09-03 05:00:00,0
2025-09-03 03:50:00,M002,BATCH_012,coated,7.364179865403481,24.58946105406825,51.89595819047386,2025-09-03 03:00:00,2025-09-03 05:00:00,0
2025-09-03 04:00:00,M002,BATCH_012,coated,6.753531181218146,24.6736860167595,46.29145043615169,2025-09-03 03:00:00,2025-09-03 05:00:00,0
2025-09-03 04:10:00,M002,BATCH_012,coated,5.551507738017373,25.080200351680663,44.502313777584064,2025-09-03 03:00:00,2025-09-03 05:00:00,0
2025-09-03 04:20:00,M002,BATCH_012,coated,6.381014667026978,26.59922778624592,55.422871411834976,2025-09-03 03:00:00,2025-09-03 05:00:00,0
2025-09-03 04:30:00,M002,BATCH_012,coated,6.582325028818849,24.90482481041769,53.73168943938113,2025-09-03 03:00:00,2025-09-03 05:00:00,0
2025-09-03 04:40:00,M002,BATCH_012,coated,6.789249139048853,27.853015278956025,45.72165320074224,2025-09-03 03:00:00,2025-09-03 05:00:00,0
2025-09-03 04:50:00,M002,BATCH_012,coated,6.917980503083963,24.015641627108266,56.0321092984875,2025-09-03 03:00:00,2025-09-03 05:00:00,0
2025-09-03 05:00:00,M002,BATCH_012,coated,6.1996075835706,22.71903082552395,54.09248960981152,2025-09-03 03:00:00,2025-09-03 05:00:00,0
2025-09-03 07:00:00,M001,BATCH_013,kraft,7.07485978429324,26.955753436580196,47.21162567115204,2025-09-03 07:00:00,2025-09-03 09:00:00,1
2025-09-03 07:10:00,M001,BATCH_013,kraft,6.831670460033745,28.101564536498802,52.9355713844419,2025-09-03 07:00:00,2025-09-03 09:00:00,1
2025-09-03 07:20:00,M001,BATCH_013,kraft,6.603808779932128,25.842787377941374,53.63136073345938,2025-09-03 07:00:00,2025-09-03 09:00:00,1
2025-09-03 07:30:00,M001,BATCH_013,kraft,7.1856623689590675,27.291037023303907,47.41876631566999,2025-09-03 07:00:00,2025-09-03 09:00:00,1
2025-09-03 07:40:00,M001,BATCH_013,kraft,5.5486675428613115,26.815422247149986,42.97169957931145,2025-09-03 07:00:00,2025-09-03 09:00:00,1
2025-09-03 07:50:00,M001,BATCH_013,kraft,6.33934170618042,22.187862776948535,56.43606173851729,2025-09-03 07:00:00,2025-09-03 09:00:00,1
2025-09-03 08:00:00,M001,BATCH_013,kraft,5.939323010192776,23.77011372403605,53.818563074356135,2025-09-03 07:00:00,2025-09-03 09:00:00,1
2025-09-03 08:10:00,M001,BATCH_013,kraft,6.8539227877883775,22.059271639555803,42.35860026143821,2025-09-03 07:00:00,2025-09-03 09:00:00,1
2025-09-03 08:20:00,M001,BATCH_013,kraft,6.912639403809373,27.86805135545201,53.652138340394174,2025-09-03 07:00:00,2025-09-03 09:00:00,1
2025-09-03 08:30:00,M001,BATCH_013,kraft,6.801391521838821,23.170073149113463,59.82873254450614,2025-09-03 07:00:00,2025-09-03 09:00:00,1
2025-09-03 08:40:00,M001,BATCH_013,kraft,5.914124926490102,27.5191995515165,47.46954682252264,2025-09-03 07:00:00,2025-09-03 09:00:00,1
2025-09-03 08:50:00,M001,BATCH_013,kraft,6.169746641382975,24.923955077762184,46.55492828119178,2025-09-03 07:00:00,2025-09-03 09:00:00,1
2025-09-03 09:00:00,M001,BATCH_013,kraft,6.515600268993711,27.25748013327214,53.801732758335326,2025-09-03 07:00:00,2025-09-03 09:00:00,1
2025-09-03 11:00:00,M001,BATCH_014,coated,6.699827753149872,24.77733146153646,52.047380037109434,2025-09-03 11:00:00,2025-09-03 13:00:00,1
2025-09-03 11:10:00,M001,BATCH_014,coated,7.449006610905997,21.500697828076007,53.366434666270685,2025-09-03 11:00:00,2025-09-03 13:00:00,1
2025-09-03 11:20:00,M001,BATCH_014,coated,6.47174616733902,27.31868643252629,36.90616941883879,2025-09-03 11:00:00,2025-09-03 13:00:00,1
2025-09-03 11:30:00,M001,BATCH_014,coated,6.574747023167451,25.09551560410005,42.3248749834263,2025-09-03 11:00:00,2025-09-03 13:00:00,1
2025-09-03 11:40:00,M001,BATCH_014,coated,6.5802179416206075,24.42454269927398,50.95000333514542,2025-09-03 11:00:00,2025-09-03 13:00:00,1
2025-09-03 11:50:00,M001,BATCH_014,coated,6.763864214786104,22.998628045794298,48.08355060456486,2025-09-03 11:00:00,2025-09-03 13:00:00,1
2025-09-03 12:00:00,M001,BATCH_014,coated,6.6839241207816125,30.33910786020136,55.6639983168872,2025-09-03 11:00:00,2025-09-03 13:00:00,1
2025-09-03 12:10:00,M001,BATCH_014,coated,6.102064600274058,28.32078586407274,50.021202968216706,2025-09-03 11:00:00,2025-09-03 13:00:00,1
2025-09-03 12:20:00,M001,BATCH_014,coated,6.350207031321298,24.963151609075545,,2025-09-03 11:00:00,2025-09-03 13:00:00,1
2025-09-03 12:30:00,M001,BATCH_014,coated,6.8055325144447805,21.546790884631758,51.47863665806951,2025-09-03 11:00:00,2025-09-03 13:00:00,1
2025-09-03 12:40:00,M001,BATCH_014,coated,7.070183480075807,24.40399562731862,55.65684219166794,2025-09-03 11:00:00,2025-09-03 13:00:00,1
2025-09-03 12:50:00,M001,BATCH_014,coated,6.566999493685504,23.139931632076717,57.0971958251855,2025-09-03 11:00:00,2025-09-03 13:00:00,1
2025-09-03 13:00:00,M001,BATCH_014,coated,6.19912170464367,24.456306342454074,52.938188367856505,2025-09-03 11:00:00,2025-09-03 13:00:00,1
2025-09-03 15:00:00,M004,BATCH_015,newsprint,6.726318323463863,25.96959968200994,58.108351886269695,2025-09-03 15:00:00,2025-09-03 17:00:00,0
2025-09-03 15:10:00,M004,BATCH_015,newsprint,6.552424885467213,22.71933574393308,49.00043284246626,2025-09-03 15:00:00,2025-09-03 17:00:00,0
2025-09-03 15:20:00,M004,BATCH_015,newsprint,6.339030425151839,23.444707259097743,47.35347771445349,2025-09-03 15:00:00,2025-09-03 17:00:00,0
2025-09-03 15:30:00,M004,BATCH_015,newsprint,6.46561177690967,28.3036514512048,42.163080631756024,2025-09-03 15:00:00,2025-09-03 17:00:00,0
2025-09-03 15:40:00,M004,BATCH_015,newsprint,6.012957001611587,27.208331454896374,61.12300975992268,2025-09-03 15:00:00,2025-09-03 17:00:00,0
2025-09-03 15:50:00,M004,BATCH_015,newsprint,7.32025644590516,28.042403300639453,57.436917366987906,2025-09-03 15:00:00,2025-09-03 17:00:00,0
2025-09-03 16:00:00,M004,BATCH_015,newsprint,7.127018753354159,24.9705099314964,50.6404000925137,2025-09-03 15:00:00,2025-09-03 17:00:00,0
2025-09-03 16:10:00,M004,BATCH_015,newsprint,6.007961730664986,23.693633141694217,50.29035729775773,2025-09-03 15:00:00,2025-09-03 17:00:00,0
2025-09-03 16:20:00,M004,BATCH_015,newsprint,6.371555492894724,24.38809609031248,43.2982764508192,2025-09-03 15:00:00,2025-09-03 17:00:00,0
2025-09-03 16:30:00,M004,BATCH_015,newsprint,7.185545218148352,23.497382403132832,58.383315043674685,2025-09-03 15:00:00,2025-09-03 17:00:00,0
2025-09-03 16:40:00,M004,BATCH_015,newsprint,6.201343484098493,28.321785751934073,53.40869607925987,2025-09-03 15:00:00,2025-09-03 17:00:00,0
2025-09-03 16:50:00,M004,BATCH_015,newsprint,5.078115170924415,23.806639481548487,45.19430958845424,2025-09-03 15:00:00,2025-09-03 17:00:00,0
2025-09-03 17:00:00,M004,BATCH_015,newsprint,7.114802054183564,25.45315145197368,,2025-09-03 15:00:00,2025-09-03 17:00:00,0
2025-09-03 19:00:00,M004,BATCH_016,kraft,6.560599119317198,23.628315000170865,51.38428198649046,2025-09-03 19:00:00,2025-09-03 21:00:00,0
2025-09-03 19:10:00,M004,BATCH_016,kraft,5.879779837791777,23.451372055350916,56.41890478438979,2025-09-03 19:00:00,2025-09-03 21:00:00,0
2025-09-03 19:20:00,M004,BATCH_016,kraft,6.234477603016889,21.26671408795815,53.28455607082996,2025-09-03 19:00:00,2025-09-03 21:00:00,0
2025-09-03 19:30:00,M004,BATCH_016,kraft,6.613735177818097,21.798449612775574,48.575329790395216,2025-09-03 19:00:00,2025-09-03 21:00:00,0
2025-09-03 19:40:00,M004,BATCH_016,kraft,6.504835439078572,20.788247274499383,51.652610741227605,2025-09-03 19:00:00,2025-09-03 21:00:00,0
2025-09-03 19:50:00,M004,BATCH_016,kraft,5.464914012950459,25.255352400539213,51.08074646187994,2025-09-03 19:00:00,2025-09-03 21:00:00,0
2025-09-03 20:00:00,M004,BATCH_016,kraft,6.997467828970358,25.95682696401851,56.57348927350769,2025-09-03 19:00:00,2025-09-03 21:00:00,0
2025-09-03 20:10:00,M004,BATCH_016,kraft,6.7013145010771735,25.99717741283122,52.286353739027355,2025-09-03 19:00:00,2025-09-03 21:00:00,0
2025-09-03 20:20:00,M004,BATCH_016,kraft,6.757858986599078,27.499780759889568,52.91638015311548,2025-09-03 19:00:00,2025-09-03 21:00:00,0
2025-09-03 20:30:00,M004,BATCH_016,kraft,8.963053762309844,25.015372190040647,,2025-09-03 19:00:00,2025-09-03 21:00:00,0
2025-09-03 20:40:00,M004,BATCH_016,kraft,6.664751467993652,27.866667845955664,39.88506104892915,2025-09-03 19:00:00,2025-09-03 21:00:00,0
2025-09-03 20:50:00,M004,BATCH_016,kraft,7.051803613228452,24.748452598859508,47.974265291252514,2025-09-03 19:00:00,2025-09-03 21:00:00,0
2025-09-03 21:00:00,M004,BATCH_016,kraft,,32.41495384916071,58.506432233122766,2025-09-03 19:00:00,2025-09-03 21:00:00,0
2025-09-03 23:00:00,M002,BATCH_017,kraft,6.483574461770262,24.992548270872152,34.43216665377118,2025-09-03 23:00:00,2025-09-04 01:00:00,0
2025-09-03 23:10:00,M002,BATCH_017,kraft,6.501188486329238,27.964959047039777,40.579289783888164,2025-09-03 23:00:00,2025-09-04 01:00:00,0
2025-09-03 23:20:00,M002,BATCH_017,kraft,6.860458186520512,26.600884260312515,55.71440424320363,2025-09-03 23:00:00,2025-09-04 01:00:00,0
2025-09-03 23:30:00,M002,BATCH_017,kraft,8.963053762309844,28.529570714000414,50.41383183567199,2025-09-03 23:00:00,2025-09-04 01:00:00,0
2025-09-03 23:40:00,M002,BATCH_017,kraft,6.575295297675412,23.97488343998004,48.91337191413734,2025-09-03 23:00:00,2025-09-04 01:00:00,0
2025-09-03 23:50:00,M002,BATCH_017,kraft,7.142270967842138,24.43295997975351,40.555982208978776,2025-09-03 23:00:00,2025-09-04 01:00:00,0
2025-09-04 00:00:00,M002,BATCH_017,kraft,6.2427996305854325,20.977034191749375,51.27319106516089,2025-09-03 23:00:00,2025-09-04 01:00:00,0
2025-09-04 00:10:00,M002,BATCH_017,kraft,6.817273091818698,21.768723429873052,45.36396119051361,2025-09-03 23:00:00,2025-09-04 01:00:00,0
2025-09-04 00:20:00,M002,BATCH_017,kraft,6.559520591643956,25.937307274469006,52.24465727446887,2025-09-03 23:00:00,2025-09-04 01:00:00,0
2025-09-04 00:30:00,M002,BATCH_017,kraft,5.661961383884415,21.335368822307565,49.50485059793256,2025-09-03 23:00:00,2025-09-04 01:00:00,0
2025-09-04 00:40:00,M002,BATCH_017,kraft,6.759741525073284,21.654263889958173,45.725761111550106,2025-09-03 23:00:00,2025-09-04 01:00:00,0
2025-09-04 00:50:00,M002,BATCH_017,kraft,5.94839023171349,24.886356076364237,47.83773151595065,2025-09-03 23:00:00,2025-09-04 01:00:00,0
2025-09-04 01:00:00,M002,BATCH_017,kraft,6.724557728308488,26.10805322761151,56.27131150258359,2025-09-03 23:00:00,2025-09-04 01:00:00,0
2025-09-04 03:00:00,M004,BATCH_018,kraft,6.668763053130657,25.01218502537772,53.693251070614195,2025-09-04 03:00:00,2025-09-04 05:00:00,0
2025-09-04 03:10:00,M004,BATCH_018,kraft,6.367567340907385,25.05707742524298,53.399533088883764,2025-09-04 03:00:00,2025-09-04 05:00:00,0
2025-09-04 03:20:00,M004,BATCH_018,kraft,5.85940497965208,27.89057798109116,56.53170590187836,2025-09-04 03:00:00,2025-09-04 05:00:00,0
2025-09-04 03:30:00,M004,BATCH_018,kraft,5.807250559931599,26.185038400934822,48.07330488086503,2025-09-04 03:00:00,2025-09-04 05:00:00,0
2025-09-04 03:40:00,M004,BATCH_018,kraft,6.234847518571014,24.187510748930766,41.295145214008286,2025-09-04 03:00:00,2025-09-04 05:00:00,0
2025-09-04 03:50:00,M004,BATCH_018,kraft,6.907774251073805,,49.45687307498493,2025-09-04 03:00:00,2025-09-04 05:00:00,0
2025-09-04 04:00:00,M004,BATCH_018,kraft,6.067861601418038,22.85086452914961,49.70528536914024,2025-09-04 03:00:00,2025-09-04 05:00:00,0
2025-09-04 04:10:00,M004,BATCH_018,kraft,6.672932223411618,22.55288055439769,50.757563224371985,2025-09-04 03:00:00,2025-09-04 05:00:00,0
2025-09-04 04:20:00,M004,BATCH_018,kraft,5.78936631289004,24.254383674965553,43.44504766529536,2025-09-04 03:00:00,2025-09-04 05:00:00,0
2025-09-04 04:30:00,M004,BATCH_018,kraft,5.28893151214176,23.127329341409887,56.84146399706066,2025-09-04 03:00:00,2025-09-04 05:00:00,0
2025-09-04 04:40:00,M004,BATCH_018,kraft,6.74460741125659,27.667201725551543,52.71276556901998,2025-09-04 03:00:00,2025-09-04 05:00:00,0
2025-09-04 04:50:00,M004,BATCH_018,kraft,6.8257829825235845,23.05937289954895,56.54533441154453,2025-09-04 03:00:00,2025-09-04 05:00:00,0
2025-09-04 05:00:00,M004,BATCH_018,kraft,6.019300737272803,,59.95210814392283,2025-09-04 03:00:00,2025-09-04 05:00:00,0
2025-09-04 07:00:00,M003,BATCH_019,newsprint,6.954920797497592,23.11938759294511,54.92833475584936,2025-09-04 07:00:00,2025-09-04 09:00:00,0
2025-09-04 07:10:00,UNKNOWN,BATCH_019,newsprint,6.177761940182362,28.086683398194232,53.26715749167984,2025-09-04 07:00:00,2025-09-04 09:00:00,0
2025-09-04 07:20:00,M003,BATCH_019,newsprint,6.469500331578834,24.7273098300509,48.20151127644661,2025-09-04 07:00:00,2025-09-04 09:00:00,0
2025-09-04 07:30:00,M003,BATCH_019,newsprint,6.511559374125145,24.44086865466615,42.681776903413756,2025-09-04 07:00:00,2025-09-04 09:00:00,0
2025-09-04 07:40:00,M003,BATCH_019,newsprint,5.225061814780684,27.93163444552379,55.23954786922134,2025-09-04 07:00:00,2025-09-04 09:00:00,0
2025-09-04 07:50:00,M003,BATCH_019,newsprint,6.649879448012642,25.81286690457303,35.08061944558242,2025-09-04 07:00:00,2025-09-04 09:00:00,0
2025-09-04 08:00:00,M003,BATCH_019,newsprint,5.9174654167480565,25.92082202754907,45.36247559542044,2025-09-04 07:00:00,2025-09-04 09:00:00,0
2025-09-04 08:10:00,M003,BATCH_019,newsprint,6.286128083284391,28.0841929550119,52.11194181666853,2025-09-04 07:00:00,2025-09-04 09:00:00,0
2025-09-04 08:20:00,M003,BATCH_019,newsprint,6.3766756728080445,25.35266191991613,47.17617895428701,2025-09-04 07:00:00,2025-09-04 09:00:00,0
2025-09-04 08:30:00,M003,BATCH_019,newsprint,6.244593303475656,23.8441022607556,44.89976867958979,2025-09-04 07:00:00,2025-09-04 09:00:00,0
2025-09-04 08:40:00,M003,BATCH_019,newsprint,6.241290595421971,26.944631245265835,48.97914541340617,2025-09-04 07:00:00,2025-09-04 09:00:00,0
2025-09-04 08:50:00,M003,BATCH_019,newsprint,6.943679191926477,28.69794854098466,53.986534256735894,2025-09-04 07:00:00,2025-09-04 09:00:00,0
2025-09-04 09:00:00,M003,BATCH_019,newsprint,5.249557596401545,23.719565476073782,52.634131485430274,2025-09-04 07:00:00,2025-09-04 09:00:00,0
2025-09-04 11:00:00,M004,BATCH_020,coated,7.120398233371256,22.548130899129305,,2025-09-04 11:00:00,2025-09-04 13:00:00,0
2025-09-04 11:10:00,M004,BATCH_020,coated,6.039551444477202,27.188120345143133,49.75779061066995,2025-09-04 11:00:00,2025-09-04 13:00:00,0
2025-09-04 11:20:00,M004,BATCH_020,coated,6.580349072718159,24.129744383131353,45.70991394625594,2025-09-04 11:00:00,2025-09-04 13:00:00,0
2025-09-04 11:30:00,M004,BATCH_020,coated,6.121496355653646,26.108773119488863,45.959195589060755,2025-09-04 11:00:00,2025-09-04 13:00:00,0
2025-09-04 11:40:00,M004,BATCH_020,coated,6.583902534871461,23.477219412214737,56.04001188371145,2025-09-04 11:00:00,2025-09-04 13:00:00,0
2025-09-04 11:50:00,M004,BATCH_020,coated,6.276054000225396,29.317027490523106,52.06679349490809,2025-09-04 11:00:00,2025-09-04 13:00:00,0
2025-09-04 12:00:00,M004,BATCH_020,coated,5.433777816435674,24.820459447891395,50.5057922723537,2025-09-04 11:00:00,2025-09-04 13:00:00,0
2025-09-04 12:10:00,M004,BATCH_020,coated,6.729536762634364,24.769288026940476,56.59416769240742,2025-09-04 11:00:00,2025-09-04 13:00:00,0
2025-09-04 12:20:00,M004,BATCH_020,coated,6.595363101908512,,48.670515442313004,2025-09-04 11:00:00,2025-09-04 13:00:00,0
2025-09-04 12:30:00,M004,BATCH_020,coated,6.280757977822835,24.334044324202107,47.56251062547417,2025-09-04 11:00:00,2025-09-04 13:00:00,0
2025-09-04 12:40:00,M004,BATCH_020,coated,6.342826505581369,25.382260295875604,45.890279455844,2025-09-04 11:00:00,2025-09-04 13:00:00,0
2025-09-04 12:50:00,M004,BATCH_020,coated,6.923122415404525,28.24365565526205,57.301320718894246,2025-09-04 11:00:00,2025-09-04 13:00:00,0
2025-09-04 13:00:00,M004,BATCH_020,coated,6.437554044566542,21.30599229118584,53.01755427241671,2025-09-04 11:00:00,2025-09-04 13:00:00,0
2025-09-04 15:00:00,M001,BATCH_021,kraft,6.776153034749098,26.663037090930338,47.107701826092416,2025-09-04 15:00:00,2025-09-04 17:00:00,0
2025-09-04 15:10:00,M001,BATCH_021,kraft,6.38852316783419,26.18486200489832,43.310855451080734,2025-09-04 15:00:00,2025-09-04 17:00:00,0
2025-09-04 15:20:00,M001,BATCH_021,kraft,5.959924900665365,23.694027461177928,48.18522614041467,2025-09-04 15:00:00,2025-09-04 17:00:00,0
2025-09-04 15:30:00,M001,BATCH_021,kraft,6.47768805769263,26.331778911653206,47.354536292538334,2025-09-04 15:00:00,2025-09-04 17:00:00,0
2025-09-04 15:40:00,M001,BATCH_021,kraft,6.135631202875567,24.882495520209247,49.20673357194882,2025-09-04 15:00:00,2025-09-04 17:00:00,0
2025-09-04 15:50:00,M001,BATCH_021,kraft,6.246018791082443,25.923697111133443,44.29128275452006,2025-09-04 15:00:00,2025-09-04 17:00:00,0
2025-09-04 16:00:00,M001,BATCH_021,kraft,6.6633270245497,26.328526395723408,50.27966158311159,2025-09-04 15:00:00,2025-09-04 17:00:00,0
2025-09-04 16:10:00,M001,BATCH_021,kraft,6.815749016157366,25.98991345481821,60.87519427834083,2025-09-04 15:00:00,2025-09-04 17:00:00,0
2025-09-04 16:20:00,M001,BATCH_021,kraft,6.8235494070120755,,47.88659250346522,2025-09-04 15:00:00,2025-09-04 17:00:00,0
2025-09-04 16:30:00,M001,BATCH_021,kraft,6.122395902931494,26.589622422496397,46.953753430120784,2025-09-04 15:00:00,2025-09-04 17:00:00,0
2025-09-04 16:40:00,M001,BATCH_021,kraft,5.693383695325001,25.905357549864345,43.220489224206176,2025-09-04 15:00:00,2025-09-04 17:00:00,0
2025-09-04 16:50:00,M001,BATCH_021,kraft,6.137382282994783,24.564873917669843,53.42015358352783,2025-09-04 15:00:00,2025-09-04 17:00:00,0
2025-09-04 17:00:00,M001,BATCH_021,kraft,6.450237976256029,23.821837535794234,54.552698326670075,2025-09-04 15:00:00,2025-09-04 17:00:00,0
2025-09-04 19:00:00,M003,BATCH_022,newsprint,6.419153469598832,25.01018579760597,44.09670423305937,2025-09-04 19:00:00,2025-09-04 21:00:00,0
2025-09-04 19:10:00,M003,BATCH_022,newsprint,5.680842101406212,24.353816918819184,58.167162836595004,2025-09-04 19:00:00,2025-09-04 21:00:00,0
2025-09-04 19:20:00,M003,BATCH_022,newsprint,7.252806565450952,23.9022453079575,42.037512460490554,2025-09-04 19:00:00,2025-09-04 21:00:00,0
2025-09-04 19:30:00,M003,BATCH_022,newsprint,6.707430655460894,24.827845446770233,43.848258973338574,2025-09-04 19:00:00,2025-09-04 21:00:00,0
2025-09-04 19:40:00,M003,BATCH_022,,6.443399772845059,24.969000973872856,54.88719762636312,2025-09-04 19:00:00,2025-09-04 21:00:00,0
2025-09-04 19:50:00,M003,BATCH_022,newsprint,6.723843022760447,27.666986767005483,48.499242879469605,2025-09-04 19:00:00,2025-09-04 21:00:00,0
2025-09-04 20:00:00,M003,BATCH_022,newsprint,6.965654213192611,22.70397157199805,46.71132804423376,2025-09-04 19:00:00,2025-09-04 21:00:00,0
2025-09-04 20:10:00,M003,BATCH_022,newsprint,6.951405635530343,27.76788784329709,48.2952416185454,2025-09-04 19:00:00,2025-09-04 21:00:00,0
2025-09-04 20:20:00,M003,BATCH_022,newsprint,5.885322518576766,27.64139007089043,47.57623109675148,2025-09-04 19:00:00,2025-09-04 21:00:00,0
2025-09-04 20:30:00,M003,BATCH_022,newsprint,6.360549903314561,25.280400939433964,60.02436670197052,2025-09-04 19:00:00,2025-09-04 21:00:00,0
2025-09-04 20:40:00,M003,BATCH_022,newsprint,6.565453640407621,27.060074110873796,51.594917222969606,2025-09-04 19:00:00,2025-09-04 21:00:00,0
2025-09-04 20:50:00,M003,BATCH_022,newsprint,6.1178511045084,26.865384479527524,52.66275776693424,2025-09-04 19:00:00,2025-09-04 21:00:00,0
2025-09-04 21:00:00,M003,BATCH_022,newsprint,6.6631564859125705,24.80989230208081,60.94063801399388,2025-09-04 19:00:00,2025-09-04 21:00:00,0
2025-09-04 23:00:00,M004,BATCH_023,coated,6.76455484441292,26.66439198149811,50.797168793058894,2025-09-04 23:00:00,2025-09-05 01:00:00,0
2025-09-04 23:10:00,M004,BATCH_023,coated,,23.254794354069865,53.51499697471024,2025-09-04 23:00:00,2025-09-05 01:00:00,0
2025-09-04 23:20:00,M004,BATCH_023,coated,6.972346870698502,24.67866413543791,54.289150731486956,2025-09-04 23:00:00,2025-09-05 01:00:00,0
2025-09-04 23:30:00,M004,BATCH_023,coated,5.304169521493723,27.312824434676866,48.64531385649878,2025-09-04 23:00:00,2025-09-05 01:00:00,0
2025-09-04 23:40:00,M004,BATCH_023,coated,6.1717294199117125,23.646302477595007,44.38857998449032,2025-09-04 23:00:00,2025-09-05 01:00:00,0
2025-09-04 23:50:00,M004,BATCH_023,coated,6.341154462318671,25.69521255633519,46.238191326494686,2025-09-04 23:00:00,2025-09-05 01:00:00,0
2025-09-05 00:00:00,M004,BATCH_023,coated,6.5868898845135675,24.996687382710245,43.98157311083198,2025-09-04 23:00:00,2025-09-05 01:00:00,0
2025-09-05 00:10:00,M004,BATCH_023,coated,6.4159093050327005,26.098010749554327,52.930191924678205,2025-09-04 23:00:00,2025-09-05 01:00:00,0
2025-09-05 00:20:00,M004,BATCH_023,coated,5.67291349979692,25.9373348486981,46.82849810108184,2025-09-04 23:00:00,2025-09-05 01:00:00,0
2025-09-05 00:30:00,M004,BATCH_023,coated,6.171431580128997,23.309270490892313,54.13154349895068,2025-09-04 23:00:00,2025-09-05 01:00:00,0
2025-09-05 00:40:00,M004,BATCH_023,coated,5.927401471761783,22.751777690777892,57.94496325699384,2025-09-04 23:00:00,2025-09-05 01:00:00,0
2025-09-05 00:50:00,M004,BATCH_023,coated,6.045301017378614,24.89281466747576,52.75870768835315,2025-09-04 23:00:00,2025-09-05 01:00:00,0
2025-09-05 01:00:00,M004,BATCH_023,coated,6.362958969981515,26.561585316513533,49.33159745675827,2025-09-04 23:00:00,2025-09-05 01:00:00,0
2025-09-05 03:00:00,M001,BATCH_024,coated,6.904261353488005,25.572893458911082,52.2204445254718,2025-09-05 03:00:00,2025-09-05 05:00:00,0
2025-09-05 03:10:00,M001,BATCH_024,,6.403073571521141,24.112053410621737,51.10570924906403,2025-09-05 03:00:00,2025-09-05 05:00:00,0
2025-09-05 03:20:00,M001,BATCH_024,coated,6.521597449493383,25.91666257379992,53.361762622170254,2025-09-05 03:00:00,2025-09-05 05:00:00,0
2025-09-05 03:30:00,M001,BATCH_024,,,23.875687296181017,49.957360403908005,2025-09-05 03:00:00,2025-09-05 05:00:00,0
2025-09-05 03:40:00,M001,BATCH_024,coated,6.764858749008548,24.822669400667294,51.964619964011405,2025-09-05 03:00:00,2025-09-05 05:00:00,0
2025-09-05 03:50:00,M001,BATCH_024,coated,6.958254080944322,27.49196236215806,53.68442057020117,2025-09-05 03:00:00,2025-09-05 05:00:00,0
2025-09-05 04:00:00,M001,BATCH_024,coated,7.259547834932163,27.12684260285104,41.34397747282631,2025-09-05 03:00:00,2025-09-05 05:00:00,0
2025-09-05 04:10:00,M001,BATCH_024,coated,6.2511979663296255,25.479113395466943,57.70874991415547,2025-09-05 03:00:00,2025-09-05 05:00:00,0
2025-09-05 04:20:00,M001,BATCH_024,coated,6.31508507533217,22.09791199817635,48.933240815319884,2025-09-05 03:00:00,2025-09-05 05:00:00,0
2025-09-05 04:30:00,M001,BATCH_024,coated,6.602595412425785,24.25435222477949,53.309573438516175,2025-09-05 03:00:00,2025-09-05 05:00:00,0
2025-09-05 04:40:00,M001,BATCH_024,coated,6.3459821229749585,25.30402788663844,45.02048552831453,2025-09-05 03:00:00,2025-09-05 05:00:00,0
2025-09-05 04:50:00,M001,BATCH_024,coated,6.289138772083383,27.665242967644552,51.46472672351324,2025-09-05 03:00:00,2025-09-05 05:00:00,0
2025-09-05 05:00:00,M001,BATCH_024,coated,5.915838412174025,21.050995435371853,54.127377458780785,2025-09-05 03:00:00,2025-09-05 05:00:00,0
2025-09-05 07:00:00,M002,BATCH_025,newsprint,6.103133597297709,25.344124834040766,45.563873700558496,2025-09-05 07:00:00,2025-09-05 09:00:00,0
2025-09-05 07:10:00,M002,BATCH_025,newsprint,6.8972142767661655,25.607838466602544,,2025-09-05 07:00:00,2025-09-05 09:00:00,0
2025-09-05 07:20:00,M002,BATCH_025,newsprint,6.356428907338568,23.32587530555377,48.52783118004594,2025-09-05 07:00:00,2025-09-05 09:00:00,0
2025-09-05 07:30:00,M002,BATCH_025,newsprint,6.403017405108043,25.158708178205384,49.5482616361074,2025-09-05 07:00:00,2025-09-05 09:00:00,0
2025-09-05 07:40:00,M002,BATCH_025,newsprint,7.5758263880599035,23.57808764292822,46.91848750577292,2025-09-05 07:00:00,2025-09-05 09:00:00,0
2025-09-05 07:50:00,M002,BATCH_025,newsprint,5.503590134165242,24.244101818213583,53.26646155029735,2025-09-05 07:00:00,2025-09-05 09:00:00,0
2025-09-05 08:00:00,M002,BATCH_025,newsprint,6.212194640073931,26.40198347801155,57.0019594605333,2025-09-05 07:00:00,2025-09-05 09:00:00,0
2025-09-05 08:10:00,M002,BATCH_025,newsprint,6.934734008488981,26.497709820426714,54.00135093603842,2025-09-05 07:00:00,2025-09-05 09:00:00,0
2025-09-05 08:20:00,M002,BATCH_025,,7.378829531602713,26.3378916138693,56.312188914865864,2025-09-05 07:00:00,2025-09-05 09:00:00,0
2025-09-05 08:30:00,M002,BATCH_025,newsprint,6.840529296423284,25.809841812967413,45.43175186637384,2025-09-05 07:00:00,2025-09-05 09:00:00,0
2025-09-05 08:40:00,M002,BATCH_025,newsprint,5.967210297430281,23.667107637090027,57.87230707496849,2025-09-05 07:00:00,2025-09-05 09:00:00,0
2025-09-05 08:50:00,M002,BATCH_025,newsprint,6.164717373567685,24.18905557239706,51.32552752876528,2025-09-05 07:00:00,2025-09-05 09:00:00,0
2025-09-05 09:00:00,M002,BATCH_025,newsprint,6.038464126244136,21.177820210020474,50.9990525311156,2025-09-05 07:00:00,2025-09-05 09:00:00,0
2025-09-05 11:00:00,M002,BATCH_026,newsprint,7.199306946945632,24.225550774953685,43.142091435391606,2025-09-05 11:00:00,2025-09-05 13:00:00,0
2025-09-05 11:10:00,M002,BATCH_026,newsprint,6.592699294210624,20.675691748525132,51.82369604892957,2025-09-05 11:00:00,2025-09-05 13:00:00,0
2025-09-05 11:20:00,M002,BATCH_026,newsprint,6.044375251136674,24.86025552284496,57.7907733252138,2025-09-05 11:00:00,2025-09-05 13:00:00,0
2025-09-05 11:30:00,M002,BATCH_026,newsprint,6.50349265840941,25.093683517785188,52.65226172027969,2025-09-05 11:00:00,2025-09-05 13:00:00,0
2025-09-05 11:40:00,M002,BATCH_026,newsprint,7.282702142517407,23.535104889180282,52.89644317898277,2025-09-05 11:00:00,2025-09-05 13:00:00,0
2025-09-05 11:50:00,M002,BATCH_026,newsprint,6.422849775141032,22.504836108509412,47.59610319560807,2025-09-05 11:00:00,2025-09-05 13:00:00,0
2025-09-05 12:00:00,M002,BATCH_026,newsprint,5.854061529821971,22.982138110191894,47.5001568879102,2025-09-05 11:00:00,2025-09-05 13:00:00,0
2025-09-05 12:10:00,M002,BATCH_026,newsprint,7.135063505731345,23.76769762426452,53.582516267882646,2025-09-05 11:00:00,2025-09-05 13:00:00,0
2025-09-05 12:20:00,M002,BATCH_026,newsprint,6.962661781516655,25.554938915822476,49.09528417531328,2025-09-05 11:00:00,2025-09-05 13:00:00,0
2025-09-05 12:30:00,M002,BATCH_026,newsprint,6.194842452767096,26.376368459516677,54.4162673065973,2025-09-05 11:00:00,2025-09-05 13:00:00,0
2025-09-05 12:40:00,M002,BATCH_026,newsprint,8.963053762309844,21.914856887632006,51.28858848360239,2025-09-05 11:00:00,2025-09-05 13:00:00,0
2025-09-05 12:50:00,M002,BATCH_026,newsprint,6.718869074095849,24.557083051207414,47.58437776192612,2025-09-05 11:00:00,2025-09-05 13:00:00,0
2025-09-05 13:00:00,M002,BATCH_026,newsprint,6.617037511101955,24.323483139402516,45.8646843049039,2025-09-05 11:00:00,2025-09-05 13:00:00,0
2025-09-05 15:00:00,M003,BATCH_027,newsprint,6.504795880873102,25.29138558360154,49.725601750386794,2025-09-05 15:00:00,2025-09-05 17:00:00,0
2025-09-05 15:10:00,M003,BATCH_027,newsprint,6.953337478821391,23.40629357314399,44.5438978091681,2025-09-05 15:00:00,2025-09-05 17:00:00,0
2025-09-05 15:20:00,M003,BATCH_027,newsprint,6.472934326059802,30.115449293848286,44.91892971865438,2025-09-05 15:00:00,2025-09-05 17:00:00,0
2025-09-05 15:30:00,M003,BATCH_027,newsprint,7.00609740914613,26.41120535734194,41.122927741670296,2025-09-05 15:00:00,2025-09-05 17:00:00,0
2025-09-05 15:40:00,M003,BATCH_027,newsprint,6.91927132842099,25.010937517874684,55.03521220043015,2025-09-05 15:00:00,2025-09-05 17:00:00,0
2025-09-05 15:50:00,M003,BATCH_027,newsprint,6.09812331155819,27.169110343972505,,2025-09-05 15:00:00,2025-09-05 17:00:00,0
2025-09-05 16:00:00,M003,BATCH_027,newsprint,6.956366210360328,29.037744718368952,52.367620607505515,2025-09-05 15:00:00,2025-09-05 17:00:00,0
2025-09-05 16:10:00,M003,BATCH_027,newsprint,6.675320846262508,29.07301045478929,41.00648284526053,2025-09-05 15:00:00,2025-09-05 17:00:00,0
2025-09-05 16:20:00,M003,BATCH_027,newsprint,7.049478332416719,22.477158126776217,56.37057214757411,2025-09-05 15:00:00,2025-09-05 17:00:00,0
2025-09-05 16:30:00,M003,BATCH_027,newsprint,5.712802796625685,19.849028968778885,52.20458095542197,2025-09-05 15:00:00,2025-09-05 17:00:00,0
2025-09-05 16:40:00,M003,BATCH_027,,5.821151144653879,24.561772560212443,45.96248483648368,2025-09-05 15:00:00,2025-09-05 17:00:00,0
2025-09-05 16:50:00,M003,BATCH_027,newsprint,5.842824427843399,24.537741253143896,48.62267123232448,2025-09-05 15:00:00,2025-09-05 17:00:00,0
2025-09-05 17:00:00,M003,BATCH_027,newsprint,5.659230836864213,25.624943847003898,51.74839078247174,2025-09-05 15:00:00,2025-09-05 17:00:00,0
2025-09-05 19:00:00,M003,BATCH_028,newsprint,6.798282692710515,24.953883091433937,55.41139315652194,2025-09-05 19:00:00,2025-09-05 21:00:00,0
2025-09-05 19:10:00,M003,BATCH_028,newsprint,7.021059708656273,27.535369180507466,55.27199624368734,2025-09-05 19:00:00,2025-09-05 21:00:00,0
2025-09-05 19:20:00,M003,BATCH_028,newsprint,6.966844087492518,24.59130333048214,60.07479173496944,2025-09-05 19:00:00,2025-09-05 21:00:00,0
2025-09-05 19:30:00,M003,BATCH_028,newsprint,6.587103007999067,23.500381730406193,41.69595369656086,2025-09-05 19:00:00,2025-09-05 21:00:00,0
2025-09-05 19:40:00,M003,BATCH_028,newsprint,6.320144379192644,26.863270163255528,51.458283093278354,2025-09-05 19:00:00,2025-09-05 21:00:00,0
2025-09-05 19:50:00,M003,BATCH_028,newsprint,5.7605167107809025,24.240615309491307,55.895744462324195,2025-09-05 19:00:00,2025-09-05 21:00:00,0
2025-09-05 20:00:00,M003,BATCH_028,newsprint,7.0036353058514935,24.22600777298228,48.39169298300004,2025-09-05 19:00:00,2025-09-05 21:00:00,0
2025-09-05 20:10:00,M003,BATCH_028,newsprint,7.260441063144036,26.899594552879265,45.12819849291233,2025-09-05 19:00:00,2025-09-05 21:00:00,0
2025-09-05 20:20:00,M003,BATCH_028,newsprint,4.657219776401834,22.827169761548003,52.99700374533678,2025-09-05 19:00:00,2025-09-05 21:00:00,0
2025-09-05 20:30:00,M003,BATCH_028,newsprint,6.080358728296456,25.753517700405563,48.76315791756853,2025-09-05 19:00:00,2025-09-05 21:00:00,0
2025-09-05 20:40:00,M003,BATCH_028,newsprint,6.374276167043124,23.97243830758616,49.302278731194676,2025-09-05 19:00:00,2025-09-05 21:00:00,0
2025-09-05 20:50:00,M003,BATCH_028,newsprint,6.504157561900418,23.83094926587878,43.48569821503017,2025-09-05 19:00:00,2025-09-05 21:00:00,0
2025-09-05 21:00:00,M003,BATCH_028,newsprint,5.701123697178911,26.365651395549744,42.96484661052004,2025-09-05 19:00:00,2025-09-05 21:00:00,0
2025-09-05 23:00:00,M003,BATCH_029,newsprint,5.841095617817078,27.26033184427645,52.863406856135214,2025-09-05 23:00:00,2025-09-06 01:00:00,0
2025-09-05 23:10:00,M003,BATCH_029,newsprint,5.352160747223029,21.788092845429016,43.30381221391909,2025-09-05 23:00:00,2025-09-06 01:00:00,0
2025-09-05 23:20:00,M003,BATCH_029,newsprint,6.272703572947644,27.7074346562613,53.977850226549485,2025-09-05 23:00:00,2025-09-06 01:00:00,0
2025-09-05 23:30:00,M003,BATCH_029,newsprint,6.779362819022508,25.985546677526372,51.65937639901676,2025-09-05 23:00:00,2025-09-06 01:00:00,0
2025-09-05 23:40:00,M003,BATCH_029,newsprint,7.080588684421517,23.466389766158112,56.172187143283956,2025-09-05 23:00:00,2025-09-06 01:00:00,0
2025-09-05 23:50:00,M003,BATCH_029,newsprint,7.00436601626824,25.24239708160577,41.184260085303286,2025-09-05 23:00:00,2025-09-06 01:00:00,0
2025-09-06 00:00:00,M003,BATCH_029,,6.895433279324795,,52.57425476060603,2025-09-05 23:00:00,2025-09-06 01:00:00,0
2025-09-06 00:10:00,M003,BATCH_029,newsprint,7.035113705285495,31.003626480249054,53.864215271425934,2025-09-05 23:00:00,2025-09-06 01:00:00,0
2025-09-06 00:20:00,M003,BATCH_029,newsprint,6.17615795117132,26.924342066111144,44.25759751567395,2025-09-05 23:00:00,2025-09-06 01:00:00,0
2025-09-06 00:30:00,M003,BATCH_029,newsprint,6.350738286779295,22.674767656943732,48.62346347014697,2025-09-05 23:00:00,2025-09-06 01:00:00,0
2025-09-06 00:40:00,UNKNOWN,BATCH_029,newsprint,6.294869940135813,,48.54756269026003,2025-09-05 23:00:00,2025-09-06 01:00:00,0
2025-09-06 00:50:00,M003,BATCH_029,newsprint,5.538326957036695,21.850213842413346,60.69046622963682,2025-09-05 23:00:00,2025-09-06 01:00:00,0
2025-09-06 01:00:00,M003,BATCH_029,newsprint,6.995540827099473,26.48844838369071,54.02232419427791,2025-09-05 23:00:00,2025-09-06 01:00:00,0
2025-09-06 03:00:00,M002,BATCH_030,coated,5.434390563197281,24.722075097786604,49.21064252679443,2025-09-06 03:00:00,2025-09-06 05:00:00,0
2025-09-06 03:10:00,M002,BATCH_030,coated,6.169453758974403,26.810370912115133,50.65594962085934,2025-09-06 03:00:00,2025-09-06 05:00:00,0
2025-09-06 03:20:00,M002,BATCH_030,coated,7.242809991564534,,46.36192540413204,2025-09-06 03:00:00,2025-09-06 05:00:00,0
2025-09-06 03:30:00,M002,BATCH_030,coated,6.529647128149445,22.422436859933427,68.85056499817736,2025-09-06 03:00:00,2025-09-06 05:00:00,0
2025-09-06 03:40:00,M002,BATCH_030,coated,5.8041202545143475,23.318588694497123,46.015669084840994,2025-09-06 03:00:00,2025-09-06 05:00:00,0
2025-09-06 03:50:00,M002,BATCH_030,coated,7.485637978145757,24.597600388230067,51.11916299116095,2025-09-06 03:00:00,2025-09-06 05:00:00,0
2025-09-06 04:00:00,M002,BATCH_030,coated,6.1281963951851175,26.693593408337115,45.40306733804625,2025-09-06 03:00:00,2025-09-06 05:00:00,0
2025-09-06 04:10:00,M002,BATCH_030,coated,6.218857105649375,26.753074605007505,51.01948109508862,2025-09-06 03:00:00,2025-09-06 05:00:00,0
2025-09-06 04:20:00,M002,BATCH_030,coated,7.344289203797454,25.770138312980226,54.056516996788304,2025-09-06 03:00:00,2025-09-06 05:00:00,0
2025-09-06 04:30:00,M002,BATCH_030,coated,6.860589915384156,25.067010413657734,51.88715238072898,2025-09-06 03:00:00,2025-09-06 05:00:00,0
2025-09-06 04:40:00,M002,BATCH_030,coated,5.882478434333451,26.60078633084138,53.19023108592532,2025-09-06 03:00:00,2025-09-06 05:00:00,0
2025-09-06 04:50:00,M002,BATCH_030,coated,7.5134579843327804,25.429264868618976,46.07159133336747,2025-09-06 03:00:00,2025-09-06 05:00:00,0
2025-09-06 05:00:00,M002,BATCH_030,coated,6.191259382928881,26.6234542591513,48.43322634506222,2025-09-06 03:00:00,2025-09-06 05:00:00,0
2025-09-06 07:00:00,M003,BATCH_031,coated,6.536003333119486,21.9907621118788,46.31690293279641,2025-09-06 07:00:00,2025-09-06 09:00:00,0
2025-09-06 07:10:00,M003,BATCH_031,coated,6.17180873188591,22.6834164990219,48.452432743982314,2025-09-06 07:00:00,2025-09-06 09:00:00,0
2025-09-06 07:20:00,M003,BATCH_031,coated,6.434494492031606,26.064066130177356,43.62038156401894,2025-09-06 07:00:00,2025-09-06 09:00:00,0
2025-09-06 07:30:00,M003,BATCH_031,coated,6.060306197512525,24.805422176214734,50.10170133749497,2025-09-06 07:00:00,2025-09-06 09:00:00,0
2025-09-06 07:40:00,M003,BATCH_031,coated,6.104664893459825,25.089662670741273,50.07617444859189,2025-09-06 07:00:00,2025-09-06 09:00:00,0
2025-09-06 07:50:00,M003,BATCH_031,coated,6.607288671864252,24.746120956775385,50.2950846812293,2025-09-06 07:00:00,2025-09-06 09:00:00,0
2025-09-06 08:00:00,M003,BATCH_031,coated,6.801048095176235,27.4265519436776,52.35620197891826,2025-09-06 07:00:00,2025-09-06 09:00:00,0
2025-09-06 08:10:00,M003,BATCH_031,coated,7.085051865302756,25.02088316549604,59.05090007047071,2025-09-06 07:00:00,2025-09-06 09:00:00,0
2025-09-06 08:20:00,M003,BATCH_031,coated,5.883072378279321,24.900899031254667,53.95263668642589,2025-09-06 07:00:00,2025-09-06 09:00:00,0
2025-09-06 08:30:00,M003,BATCH_031,coated,5.815417778358058,20.222855892044144,54.12330124787631,2025-09-06 07:00:00,2025-09-06 09:00:00,0
2025-09-06 08:40:00,M003,BATCH_031,coated,7.066009162414576,28.541002156805373,62.18807451929142,2025-09-06 07:00:00,2025-09-06 09:00:00,0
2025-09-06 08:50:00,M003,BATCH_031,coated,7.086670972115765,24.26492711747586,49.67404778143528,2025-09-06 07:00:00,2025-09-06 09:00:00,0
2025-09-06 09:00:00,M003,BATCH_031,coated,7.002754809156024,23.29073653184334,47.7171227585792,2025-09-06 07:00:00,2025-09-06 09:00:00,0
2025-09-06 11:00:00,M003,BATCH_032,newsprint,6.183970552418401,25.045201007029053,45.4417731094741,2025-09-06 11:00:00,2025-09-06 13:00:00,0
2025-09-06 11:10:00,M003,BATCH_032,newsprint,6.3103404609199245,27.466878976573195,56.665999621075834,2025-09-06 11:00:00,2025-09-06 13:00:00,0
2025-09-06 11:20:00,M003,BATCH_032,newsprint,6.801949746235558,,55.24961686565874,2025-09-06 11:00:00,2025-09-06 13:00:00,0
2025-09-06 11:30:00,M003,BATCH_032,newsprint,7.394518542061757,26.322733924213818,43.499826363025505,2025-09-06 11:00:00,2025-09-06 13:00:00,0
2025-09-06 11:40:00,M003,BATCH_032,newsprint,7.014409326869314,23.944214383796098,49.96087557556337,2025-09-06 11:00:00,2025-09-06 13:00:00,0
2025-09-06 11:50:00,M003,BATCH_032,newsprint,6.183070823844266,22.951435561887692,53.879775354728444,2025-09-06 11:00:00,2025-09-06 13:00:00,0
2025-09-06 12:00:00,M003,BATCH_032,newsprint,6.181239600940857,28.67565292091868,60.33663956205927,2025-09-06 11:00:00,2025-09-06 13:00:00,0
2025-09-06 12:10:00,M003,BATCH_032,newsprint,6.292782486434113,25.724770008931305,51.83197934006513,2025-09-06 11:00:00,2025-09-06 13:00:00,0
2025-09-06 12:20:00,M003,BATCH_032,newsprint,5.511245424207526,26.02356713870366,56.23070465400768,2025-09-06 11:00:00,2025-09-06 13:00:00,0
2025-09-06 12:30:00,M003,BATCH_032,newsprint,7.038544771548371,24.95173840929721,47.313810700576106,2025-09-06 11:00:00,2025-09-06 13:00:00,0
2025-09-06 12:40:00,M003,BATCH_032,newsprint,6.1283777813466305,24.28647804331857,50.255368869109816,2025-09-06 11:00:00,2025-09-06 13:00:00,0
2025-09-06 12:50:00,M003,BATCH_032,newsprint,5.8502150259104555,24.35761102869271,46.568084832522295,2025-09-06 11:00:00,2025-09-06 13:00:00,0
2025-09-06 13:00:00,M003,BATCH_032,newsprint,5.60850061072111,25.07032822584079,56.24660025654848,2025-09-06 11:00:00,2025-09-06 13:00:00,0
2025-09-06 15:00:00,M003,BATCH_033,newsprint,6.630935753139686,25.456083941794706,49.06308346494549,2025-09-06 15:00:00,2025-09-06 17:00:00,0
2025-09-06 15:10:00,M003,BATCH_033,newsprint,6.543886328978935,23.461169224259052,54.50969538205232,2025-09-06 15:00:00,2025-09-06 17:00:00,0
2025-09-06 15:20:00,M003,BATCH_033,newsprint,6.695520774831276,28.746169182466964,37.05361333105971,2025-09-06 15:00:00,2025-09-06 17:00:00,0
2025-09-06 15:30:00,M003,BATCH_033,newsprint,5.842991046582345,22.5403342841256,45.19628159938311,2025-09-06 15:00:00,2025-09-06 17:00:00,0
2025-09-06 15:40:00,M003,BATCH_033,newsprint,6.865804198574005,26.39814272952458,50.34971159571208,2025-09-06 15:00:00,2025-09-06 17:00:00,0
2025-09-06 15:50:00,M003,BATCH_033,newsprint,6.239187171435986,24.11815775414702,47.719407160393175,2025-09-06 15:00:00,2025-09-06 17:00:00,0
2025-09-06 16:00:00,M003,BATCH_033,newsprint,6.011939034293795,,60.31450063198595,2025-09-06 15:00:00,2025-09-06 17:00:00,0
2025-09-06 16:10:00,M003,BATCH_033,newsprint,7.0179327984770845,28.313593318005097,50.21518256591267,2025-09-06 15:00:00,2025-09-06 17:00:00,0
2025-09-06 16:20:00,M003,BATCH_033,newsprint,5.8904107584786,24.39266237614864,48.47151715017623,2025-09-06 15:00:00,2025-09-06 17:00:00,0
2025-09-06 16:30:00,UNKNOWN,BATCH_033,newsprint,6.031438152378322,26.201008445282035,48.78695991298473,2025-09-06 15:00:00,2025-09-06 17:00:00,0
2025-09-06 16:40:00,M003,BATCH_033,newsprint,6.156876743421488,26.1041403170222,44.85326807470984,2025-09-06 15:00:00,2025-09-06 17:00:00,0
2025-09-06 16:50:00,M003,BATCH_033,newsprint,6.66289245605182,26.347233801110733,54.64580968633714,2025-09-06 15:00:00,2025-09-06 17:00:00,0
2025-09-06 17:00:00,M003,BATCH_033,newsprint,8.963053762309844,28.600052956457166,49.45659240258454,2025-09-06 15:00:00,2025-09-06 17:00:00,0
2025-09-06 19:00:00,M003,BATCH_034,coated,,24.30421716008026,50.989582295838815,2025-09-06 19:00:00,2025-09-06 21:00:00,0
2025-09-06 19:10:00,M003,BATCH_034,coated,6.7214278426345695,27.90343230877879,57.31255990318101,2025-09-06 19:00:00,2025-09-06 21:00:00,0
2025-09-06 19:20:00,M003,BATCH_034,coated,6.259054042417536,23.352478968128928,55.13701796130667,2025-09-06 19:00:00,2025-09-06 21:00:00,0
2025-09-06 19:30:00,M003,BATCH_034,coated,5.859997768994047,24.364106556632933,60.35488450992369,2025-09-06 19:00:00,2025-09-06 21:00:00,0
2025-09-06 19:40:00,M003,BATCH_034,coated,,23.77298894912142,50.39858569533736,2025-09-06 19:00:00,2025-09-06 21:00:00,0
2025-09-06 19:50:00,M003,BATCH_034,coated,6.406206972920893,26.666708522934833,44.51329799883676,2025-09-06 19:00:00,2025-09-06 21:00:00,0
2025-09-06 20:00:00,M003,BATCH_034,coated,5.889857434736156,26.105050342018604,43.378663837872224,2025-09-06 19:00:00,2025-09-06 21:00:00,0
2025-09-06 20:10:00,M003,BATCH_034,coated,6.1661106624899915,29.376879858053666,48.51280016793298,2025-09-06 19:00:00,2025-09-06 21:00:00,0
2025-09-06 20:20:00,M003,BATCH_034,coated,6.148845794641729,22.796329808505583,47.171022102342405,2025-09-06 19:00:00,2025-09-06 21:00:00,0
2025-09-06 20:30:00,M003,BATCH_034,coated,6.138902951751145,23.741943620677315,54.12488869003936,2025-09-06 19:00:00,2025-09-06 21:00:00,0
2025-09-06 20:40:00,M003,BATCH_034,coated,6.324800006848152,22.34738790089898,45.668899510166845,2025-09-06 19:00:00,2025-09-06 21:00:00,0
2025-09-06 20:50:00,M003,BATCH_034,coated,6.65098631115612,26.938280285041472,45.63250565596542,2025-09-06 19:00:00,2025-09-06 21:00:00,0
2025-09-06 21:00:00,M003,BATCH_034,coated,6.821866044747296,26.548452088693594,56.46945247325846,2025-09-06 19:00:00,2025-09-06 21:00:00,0
2025-09-06 23:00:00,M001,BATCH_035,newsprint,6.374338470185312,24.318260985285143,52.06056689291351,2025-09-06 23:00:00,2025-09-07 01:00:00,0
2025-09-06 23:10:00,M001,BATCH_035,newsprint,5.8144742444737325,25.638418147223536,54.21363754601853,2025-09-06 23:00:00,2025-09-07 01:00:00,0
2025-09-06 23:20:00,M001,BATCH_035,newsprint,6.131965740895755,27.72132134438833,43.19482277117532,2025-09-06 23:00:00,2025-09-07 01:00:00,0
2025-09-06 23:30:00,M001,BATCH_035,newsprint,7.142065945835688,24.16818066115134,42.366972347347485,2025-09-06 23:00:00,2025-09-07 01:00:00,0
2025-09-06 23:40:00,M001,BATCH_035,newsprint,6.047166920777439,23.178562373621546,54.35463313188282,2025-09-06 23:00:00,2025-09-07 01:00:00,0
2025-09-06 23:50:00,M001,BATCH_035,newsprint,6.0329898281020125,25.741135607387555,44.94191199199332,2025-09-06 23:00:00,2025-09-07 01:00:00,0
2025-09-07 00:00:00,M001,BATCH_035,newsprint,6.835380245955544,25.430975543366134,59.01181083093637,2025-09-06 23:00:00,2025-09-07 01:00:00,0
2025-09-07 00:10:00,M001,BATCH_035,newsprint,6.536723325319942,27.800699248776834,55.15621460919012,2025-09-06 23:00:00,2025-09-07 01:00:00,0
2025-09-07 00:20:00,M001,BATCH_035,newsprint,7.3040395417308135,25.846752745392223,47.70424259514233,2025-09-06 23:00:00,2025-09-07 01:00:00,0
2025-09-07 00:30:00,M001,BATCH_035,newsprint,6.213896785974916,23.407091639296556,54.66470536356904,2025-09-06 23:00:00,2025-09-07 01:00:00,0
2025-09-07 00:40:00,M001,BATCH_035,newsprint,6.047009820873372,21.675664257715315,47.4250270377042,2025-09-06 23:00:00,2025-09-07 01:00:00,0
2025-09-07 00:50:00,M001,BATCH_035,newsprint,,23.007044379167727,57.40675805604033,2025-09-06 23:00:00,2025-09-07 01:00:00,0
2025-09-07 01:00:00,M001,BATCH_035,newsprint,5.761357970802803,22.463157324150323,38.99769951259508,2025-09-06 23:00:00,2025-09-07 01:00:00,0
2025-09-07 03:00:00,UNKNOWN,BATCH_036,newsprint,6.92489636233354,28.80868719479067,43.50544661101643,2025-09-07 03:00:00,2025-09-07 05:00:00,0
2025-09-07 03:10:00,M003,BATCH_036,newsprint,6.238729899310827,27.24146268448151,52.97733166626026,2025-09-07 03:00:00,2025-09-07 05:00:00,0
2025-09-07 03:20:00,M003,BATCH_036,newsprint,6.297066961244703,24.253202144795168,,2025-09-07 03:00:00,2025-09-07 05:00:00,0
2025-09-07 03:30:00,M003,BATCH_036,newsprint,7.761841396334165,25.881071955895877,53.6806051062146,2025-09-07 03:00:00,2025-09-07 05:00:00,0
2025-09-07 03:40:00,M003,BATCH_036,newsprint,6.6686983166488805,28.24621574927098,45.09208384898494,2025-09-07 03:00:00,2025-09-07 05:00:00,0
2025-09-07 03:50:00,M003,BATCH_036,newsprint,6.61552465419363,24.675480404647416,,2025-09-07 03:00:00,2025-09-07 05:00:00,0
2025-09-07 04:00:00,M003,BATCH_036,newsprint,7.5707688942566875,23.95382823855655,53.25528117951817,2025-09-07 03:00:00,2025-09-07 05:00:00,0
2025-09-07 04:10:00,M003,BATCH_036,newsprint,7.267687233691055,26.458206269774895,52.526464399516875,2025-09-07 03:00:00,2025-09-07 05:00:00,0
2025-09-07 04:20:00,M003,BATCH_036,newsprint,6.147547202462581,26.968299506375594,51.54218633652455,2025-09-07 03:00:00,2025-09-07 05:00:00,0
2025-09-07 04:30:00,M003,BATCH_036,newsprint,6.780889288767028,24.892940251901415,47.36743249799334,2025-09-07 03:00:00,2025-09-07 05:00:00,0
2025-09-07 04:40:00,M003,BATCH_036,newsprint,7.0792488209567495,25.71825882640187,56.95831557537133,2025-09-07 03:00:00,2025-09-07 05:00:00,0
2025-09-07 04:50:00,M003,BATCH_036,newsprint,6.849673776788145,24.83091318987265,54.92708286821664,2025-09-07 03:00:00,2025-09-07 05:00:00,0
2025-09-07 05:00:00,M003,BATCH_036,newsprint,6.214125948465351,28.431718967211197,51.45754900193645,2025-09-07 03:00:00,2025-09-07 05:00:00,0
2025-09-07 07:00:00,M004,BATCH_037,kraft,6.5241287144247275,,58.09551170676276,2025-09-07 07:00:00,2025-09-07 09:00:00,0
2025-09-07 07:10:00,M004,BATCH_037,kraft,6.276230888262885,28.91651527225809,46.6454558096528,2025-09-07 07:00:00,2025-09-07 09:00:00,0
2025-09-07 07:20:00,M004,BATCH_037,kraft,6.071125448030856,25.117140876480935,44.92991576958217,2025-09-07 07:00:00,2025-09-07 09:00:00,0
2025-09-07 07:30:00,M004,BATCH_037,kraft,6.559798837596692,26.046250068538956,53.122178013991906,2025-09-07 07:00:00,2025-09-07 09:00:00,0
2025-09-07 07:40:00,M004,BATCH_037,kraft,5.953468939838626,28.443043220359456,53.14718416273043,2025-09-07 07:00:00,2025-09-07 09:00:00,0
2025-09-07 07:50:00,M004,BATCH_037,kraft,6.696167984160616,24.81308842207178,57.10095655904565,2025-09-07 07:00:00,2025-09-07 09:00:00,0
2025-09-07 08:00:00,M004,BATCH_037,kraft,6.487679071811858,24.293567184019327,45.660996039857224,2025-09-07 07:00:00,2025-09-07 09:00:00,0
2025-09-07 08:10:00,M004,BATCH_037,kraft,6.005503996132692,25.946474529209947,47.08891155658895,2025-09-07 07:00:00,2025-09-07 09:00:00,0
2025-09-07 08:20:00,M004,BATCH_037,kraft,7.325415625003574,26.167402656446612,46.51713153233429,2025-09-07 07:00:00,2025-09-07 09:00:00,0
2025-09-07 08:30:00,M004,BATCH_037,kraft,6.20546330336621,26.298252396442738,53.60065724306829,2025-09-07 07:00:00,2025-09-07 09:00:00,0
2025-09-07 08:40:00,M004,BATCH_037,kraft,6.500125195543597,26.3509964658165,44.89634927909751,2025-09-07 07:00:00,2025-09-07 09:00:00,0
2025-09-07 08:50:00,M004,BATCH_037,kraft,6.4544826909677395,22.20606009621877,55.15518090667496,2025-09-07 07:00:00,2025-09-07 09:00:00,0
2025-09-07 09:00:00,M004,BATCH_037,kraft,6.344509721996561,27.791510453814197,46.933663513629455,2025-09-07 07:00:00,2025-09-07 09:00:00,0
2025-09-07 11:00:00,M003,BATCH_038,coated,5.913301288502861,25.83708623321283,48.52049578174715,2025-09-07 11:00:00,2025-09-07 13:00:00,0
2025-09-07 11:10:00,M003,BATCH_038,coated,6.965604633295951,27.501204001712026,48.52980141239011,2025-09-07 11:00:00,2025-09-07 13:00:00,0
2025-09-07 11:20:00,M003,BATCH_038,coated,7.280427975398606,28.77614875854811,48.26695239240796,2025-09-07 11:00:00,2025-09-07 13:00:00,0
2025-09-07 11:30:00,M003,BATCH_038,coated,6.3514065754967985,23.404070364084514,44.16135963334351,2025-09-07 11:00:00,2025-09-07 13:00:00,0
2025-09-07 11:40:00,M003,BATCH_038,coated,6.207209021543466,25.9110008052035,50.69310482528094,2025-09-07 11:00:00,2025-09-07 13:00:00,0
2025-09-07 11:50:00,UNKNOWN,BATCH_038,,7.259338197468048,25.044459048261725,54.46221465326438,2025-09-07 11:00:00,2025-09-07 13:00:00,0
2025-09-07 12:00:00,M003,BATCH_038,coated,6.353617677087648,25.7848337861705,46.97421477558168,2025-09-07 11:00:00,2025-09-07 13:00:00,0
2025-09-07 12:10:00,M003,BATCH_038,coated,6.028010613728184,20.66154737324229,47.09507149944688,2025-09-07 11:00:00,2025-09-07 13:00:00,0
2025-09-07 12:20:00,M003,BATCH_038,coated,5.817419884548262,28.7921267158589,51.74006762458188,2025-09-07 11:00:00,2025-09-07 13:00:00,0
2025-09-07 12:30:00,M003,BATCH_038,coated,6.046348361433312,27.343395251300787,61.34742920060775,2025-09-07 11:00:00,2025-09-07 13:00:00,0
2025-09-07 12:40:00,M003,BATCH_038,coated,6.476786677126622,23.70107860728625,54.14276517646298,2025-09-07 11:00:00,2025-09-07 13:00:00,0
2025-09-07 12:50:00,M003,BATCH_038,coated,7.401777714311248,25.74621857511453,50.33272587035565,2025-09-07 11:00:00,2025-09-07 13:00:00,0
2025-09-07 13:00:00,M003,BATCH_038,,6.32817730092514,26.129043427716102,52.20107153362481,2025-09-07 11:00:00,2025-09-07 13:00:00,0
2025-09-07 15:00:00,M001,BATCH_039,kraft,6.4886681921365374,23.84857533046212,56.05447500999063,2025-09-07 15:00:00,2025-09-07 17:00:00,0
2025-09-07 15:10:00,UNKNOWN,BATCH_039,kraft,6.105229859160768,25.224547371314948,54.331076116290426,2025-09-07 15:00:00,2025-09-07 17:00:00,0
2025-09-07 15:20:00,M001,BATCH_039,kraft,6.148799210152222,26.690384113053867,55.14754653513831,2025-09-07 15:00:00,2025-09-07 17:00:00,0
2025-09-07 15:30:00,M001,BATCH_039,,6.651436410794888,25.734559654899396,46.101529212573205,2025-09-07 15:00:00,2025-09-07 17:00:00,0
2025-09-07 15:40:00,M001,BATCH_039,kraft,6.585771813947651,21.872968736957908,48.011051249754374,2025-09-07 15:00:00,2025-09-07 17:00:00,0
2025-09-07 15:50:00,M001,BATCH_039,kraft,6.492876849227402,24.210668126363167,,2025-09-07 15:00:00,2025-09-07 17:00:00,0
2025-09-07 16:00:00,M001,BATCH_039,kraft,7.026038623443576,25.37516702655611,57.67078749353421,2025-09-07 15:00:00,2025-09-07 17:00:00,0
2025-09-07 16:10:00,M001,BATCH_039,kraft,,23.671087073734437,52.25593063110116,2025-09-07 15:00:00,2025-09-07 17:00:00,0
2025-09-07 16:20:00,M001,BATCH_039,kraft,6.6255234168836665,22.250683289973523,56.36850989162722,2025-09-07 15:00:00,2025-09-07 17:00:00,0
2025-09-07 16:30:00,M001,BATCH_039,kraft,6.447962602453221,24.314870679740846,50.67857821694565,2025-09-07 15:00:00,2025-09-07 17:00:00,0
2025-09-07 16:40:00,M001,BATCH_039,kraft,7.295016661827154,24.6093546760626,44.47114413250592,2025-09-07 15:00:00,2025-09-07 17:00:00,0
2025-09-07 16:50:00,M001,BATCH_039,kraft,6.01036814913988,27.19486673567252,49.677763281378574,2025-09-07 15:00:00,2025-09-07 17:00:00,0
2025-09-07 17:00:00,M001,BATCH_039,kraft,6.928102959845681,22.844646411395942,45.64504368344978,2025-09-07 15:00:00,2025-09-07 17:00:00,0
2025-09-07 19:00:00,M002,BATCH_040,coated,6.463614789470754,22.252132364687416,39.338633996387685,2025-09-07 19:00:00,2025-09-07 21:00:00,1
2025-09-07 19:10:00,M002,BATCH_040,coated,6.96131962875376,26.770012740639753,49.92748985464459,2025-09-07 19:00:00,2025-09-07 21:00:00,1
2025-09-07 19:20:00,M002,BATCH_040,coated,6.3332880171514505,27.16619181210626,57.28114169318903,2025-09-07 19:00:00,2025-09-07 21:00:00,1
2025-09-07 19:30:00,M002,BATCH_040,coated,6.969100304610726,28.09091467634407,47.87679399980291,2025-09-07 19:00:00,2025-09-07 21:00:00,1
2025-09-07 19:40:00,M002,BATCH_040,coated,6.739105665621067,23.039040825762,39.81615452381586,2025-09-07 19:00:00,2025-09-07 21:00:00,1
2025-09-07 19:50:00,M002,BATCH_040,coated,6.166002019831365,25.61434414493017,53.03645775857709,2025-09-07 19:00:00,2025-09-07 21:00:00,1
2025-09-07 20:00:00,M002,BATCH_040,coated,,25.335827194259128,45.50083433874448,2025-09-07 19:00:00,2025-09-07 21:00:00,1
2025-09-07 20:10:00,M002,BATCH_040,coated,5.237583473622872,23.00055280777972,55.137105584446,2025-09-07 19:00:00,2025-09-07 21:00:00,1
2025-09-07 20:20:00,M002,BATCH_040,coated,7.043946539595225,23.003753875902145,56.12736173888071,2025-09-07 19:00:00,2025-09-07 21:00:00,1
2025-09-07 20:30:00,M002,BATCH_040,coated,6.3301569017250054,27.036082413536676,48.486598153725865,2025-09-07 19:00:00,2025-09-07 21:00:00,1
2025-09-07 20:40:00,M002,BATCH_040,coated,7.216472550507315,26.527487480076182,53.406648117507395,2025-09-07 19:00:00,2025-09-07 21:00:00,1
2025-09-07 20:50:00,M002,BATCH_040,coated,7.109840321122566,,53.29536911859066,2025-09-07 19:00:00,2025-09-07 21:00:00,1
2025-09-07 21:00:00,M002,BATCH_040,coated,6.945819875655582,24.30759618496036,54.30245824856736,2025-09-07 19:00:00,2025-09-07 21:00:00,1
2025-09-07 23:00:00,M003,BATCH_041,newsprint,6.7295964336890925,25.738843728030318,48.814764885340544,2025-09-07 23:00:00,2025-09-08 01:00:00,0
2025-09-07 23:10:00,M003,BATCH_041,newsprint,6.778236939513543,26.41762421512768,47.6375988919576,2025-09-07 23:00:00,2025-09-08 01:00:00,0
2025-09-07 23:20:00,M003,BATCH_041,newsprint,7.057979557223544,23.02313887873566,45.703992955372485,2025-09-07 23:00:00,2025-09-08 01:00:00,0
2025-09-07 23:30:00,M003,BATCH_041,newsprint,6.73346006059034,23.339906302287652,,2025-09-07 23:00:00,2025-09-08 01:00:00,0
2025-09-07 23:40:00,M003,BATCH_041,newsprint,6.197050655570722,28.025789558847556,46.69853061502069,2025-09-07 23:00:00,2025-09-08 01:00:00,0
2025-09-07 23:50:00,M003,BATCH_041,newsprint,6.087204712270785,23.36334313083226,58.96958878692875,2025-09-07 23:00:00,2025-09-08 01:00:00,0
2025-09-08 00:00:00,M003,BATCH_041,newsprint,6.798296117474524,25.9835507616357,58.23887692103652,2025-09-07 23:00:00,2025-09-08 01:00:00,0
2025-09-08 00:10:00,M003,BATCH_041,newsprint,6.623996022900155,21.934624927394488,51.024553420682686,2025-09-07 23:00:00,2025-09-08 01:00:00,0
2025-09-08 00:20:00,M003,BATCH_041,newsprint,6.487242937659766,29.638358803785728,51.96411621006785,2025-09-07 23:00:00,2025-09-08 01:00:00,0
2025-09-08 00:30:00,M003,BATCH_041,newsprint,6.372098126095433,24.174668519622013,48.46644402896985,2025-09-07 23:00:00,2025-09-08 01:00:00,0
2025-09-08 00:40:00,M003,BATCH_041,newsprint,5.563869403362091,24.253545554637387,47.45163888854222,2025-09-07 23:00:00,2025-09-08 01:00:00,0
2025-09-08 00:50:00,M003,BATCH_041,newsprint,5.595652701680366,25.08673753112363,51.447461205507906,2025-09-07 23:00:00,2025-09-08 01:00:00,0
2025-09-08 01:00:00,M003,BATCH_041,newsprint,6.125897270752874,25.806578508236694,51.32304321563656,2025-09-07 23:00:00,2025-09-08 01:00:00,0
2025-09-08 03:00:00,M004,BATCH_042,newsprint,6.26774814301279,26.29114847804766,38.61699821876334,2025-09-08 03:00:00,2025-09-08 05:00:00,0
2025-09-08 03:10:00,M004,BATCH_042,newsprint,7.46525164461259,25.55036414375186,56.804591002585795,2025-09-08 03:00:00,2025-09-08 05:00:00,0
2025-09-08 03:20:00,M004,BATCH_042,newsprint,7.254930184120289,20.234495133394258,54.25079550272929,2025-09-08 03:00:00,2025-09-08 05:00:00,0
2025-09-08 03:30:00,M004,BATCH_042,newsprint,6.585192577327757,24.246407219668843,50.27337151786828,2025-09-08 03:00:00,2025-09-08 05:00:00,0
2025-09-08 03:40:00,M004,BATCH_042,newsprint,6.417899016533135,22.718672078866696,55.74845466858325,2025-09-08 03:00:00,2025-09-08 05:00:00,0
2025-09-08 03:50:00,M004,BATCH_042,newsprint,6.5510992634007215,28.99929237834645,50.92133002531567,2025-09-08 03:00:00,2025-09-08 05:00:00,0
2025-09-08 04:00:00,M004,BATCH_042,newsprint,5.536713134167112,29.792401904166613,46.861989326806714,2025-09-08 03:00:00,2025-09-08 05:00:00,0
2025-09-08 04:10:00,M004,BATCH_042,,6.028785349175565,24.86983856447042,40.92480443757532,2025-09-08 03:00:00,2025-09-08 05:00:00,0
2025-09-08 04:20:00,M004,BATCH_042,newsprint,7.867334692754614,27.403894446296725,48.43185218872618,2025-09-08 03:00:00,2025-09-08 05:00:00,0
2025-09-08 04:30:00,M004,BATCH_042,newsprint,7.565497610976389,22.90458254539268,50.98323222126122,2025-09-08 03:00:00,2025-09-08 05:00:00,0
2025-09-08 04:40:00,M004,BATCH_042,newsprint,6.451448759794533,25.395570046507512,46.69837094580778,2025-09-08 03:00:00,2025-09-08 05:00:00,0
2025-09-08 04:50:00,M004,BATCH_042,newsprint,8.963053762309844,23.233618932074872,54.65257504472314,2025-09-08 03:00:00,2025-09-08 05:00:00,0
2025-09-08 05:00:00,M004,BATCH_042,newsprint,7.025916100013765,24.240510706989582,45.742517785837435,2025-09-08 03:00:00,2025-09-08 05:00:00,0
2025-09-08 07:00:00,M002,BATCH_043,coated,7.032906530317339,18.90137683171953,,2025-09-08 07:00:00,2025-09-08 09:00:00,1
2025-09-08 07:10:00,M002,BATCH_043,coated,6.138695186195417,27.45983363072298,47.945857923823716,2025-09-08 07:00:00,2025-09-08 09:00:00,1
2025-09-08 07:20:00,M002,BATCH_043,coated,6.203376875256971,22.126615075440522,41.796226579375954,2025-09-08 07:00:00,2025-09-08 09:00:00,1
2025-09-08 07:30:00,M002,BATCH_043,coated,7.037012483593003,24.23115273529695,52.13062297904305,2025-09-08 07:00:00,2025-09-08 09:00:00,1
2025-09-08 07:40:00,M002,BATCH_043,coated,6.5862005117098,27.209957845211292,48.01197060767185,2025-09-08 07:00:00,2025-09-08 09:00:00,1
2025-09-08 07:50:00,M002,BATCH_043,coated,6.360332420420235,27.29560755689665,43.03468091216909,2025-09-08 07:00:00,2025-09-08 09:00:00,1
2025-09-08 08:00:00,M002,BATCH_043,coated,6.9835955155462,27.654581740196402,53.610505529461186,2025-09-08 07:00:00,2025-09-08 09:00:00,1
2025-09-08 08:10:00,M002,BATCH_043,coated,6.554498432479187,26.5161940191972,52.89615073518239,2025-09-08 07:00:00,2025-09-08 09:00:00,1
2025-09-08 08:20:00,M002,BATCH_043,coated,7.039653043963069,26.343902742368208,57.263375239807985,2025-09-08 07:00:00,2025-09-08 09:00:00,1
2025-09-08 08:30:00,UNKNOWN,BATCH_043,coated,6.300913381160778,23.95839783247639,45.17999408373343,2025-09-08 07:00:00,2025-09-08 09:00:00,1
2025-09-08 08:40:00,M002,BATCH_043,coated,7.180465641059426,,41.02633901761661,2025-09-08 07:00:00,2025-09-08 09:00:00,1
2025-09-08 08:50:00,M002,BATCH_043,coated,6.573395973419138,23.6454882485417,47.8383983086971,2025-09-08 07:00:00,2025-09-08 09:00:00,1
2025-09-08 09:00:00,M002,BATCH_043,coated,7.12120907664011,26.850469139026035,50.40131361962295,2025-09-08 07:00:00,2025-09-08 09:00:00,1
2025-09-08 11:00:00,M004,BATCH_044,kraft,6.00838501969856,26.013954704854278,58.39892155198373,2025-09-08 11:00:00,2025-09-08 13:00:00,0
2025-09-08 11:10:00,M004,BATCH_044,kraft,6.308645549689527,29.826449096284033,42.51877602088624,2025-09-08 11:00:00,2025-09-08 13:00:00,0
2025-09-08 11:20:00,M004,BATCH_044,kraft,7.27654631018111,23.058791182537874,47.55863982020178,2025-09-08 11:00:00,2025-09-08 13:00:00,0
2025-09-08 11:30:00,M004,BATCH_044,kraft,6.005495511531334,27.716921545864686,56.21291138192117,2025-09-08 11:00:00,2025-09-08 13:00:00,0
2025-09-08 11:40:00,M004,BATCH_044,kraft,5.968938910436613,24.895053387705364,49.99444773727488,2025-09-08 11:00:00,2025-09-08 13:00:00,0
2025-09-08 11:50:00,M004,BATCH_044,kraft,6.546532839561216,26.50167061092411,56.82174633579504,2025-09-08 11:00:00,2025-09-08 13:00:00,0
2025-09-08 12:00:00,M004,BATCH_044,kraft,6.408598489427083,22.93634766628963,57.13264625565718,2025-09-08 11:00:00,2025-09-08 13:00:00,0
2025-09-08 12:10:00,UNKNOWN,BATCH_044,kraft,7.00863045299787,24.87719854110208,,2025-09-08 11:00:00,2025-09-08 13:00:00,0
2025-09-08 12:20:00,M004,BATCH_044,kraft,7.027525077006003,25.885090711852047,55.57537425112607,2025-09-08 11:00:00,2025-09-08 13:00:00,0
2025-09-08 12:30:00,M004,BATCH_044,kraft,7.223350857088897,24.948633902094695,45.85587769891632,2025-09-08 11:00:00,2025-09-08 13:00:00,0
2025-09-08 12:40:00,M004,BATCH_044,kraft,6.720784276482261,26.30915146262536,50.774081437185856,2025-09-08 11:00:00,2025-09-08 13:00:00,0
2025-09-08 12:50:00,M004,BATCH_044,kraft,6.163000290924209,23.159712513894135,50.66766793838503,2025-09-08 11:00:00,2025-09-08 13:00:00,0
2025-09-08 13:00:00,M004,BATCH_044,kraft,6.957392126063494,,55.86060618295907,2025-09-08 11:00:00,2025-09-08 13:00:00,0
2025-09-08 15:00:00,M004,BATCH_045,newsprint,6.952092677735669,23.899487654904956,50.044065486656834,2025-09-08 15:00:00,2025-09-08 17:00:00,0
2025-09-08 15:10:00,M004,BATCH_045,newsprint,6.7084043527116926,25.7595452959234,53.31815145789151,2025-09-08 15:00:00,2025-09-08 17:00:00,0
2025-09-08 15:20:00,M004,BATCH_045,newsprint,,30.289095450736973,53.57901954620432,2025-09-08 15:00:00,2025-09-08 17:00:00,0
2025-09-08 15:30:00,M004,BATCH_045,newsprint,6.45852921964572,22.74082016444959,51.502170694771664,2025-09-08 15:00:00,2025-09-08 17:00:00,0
2025-09-08 15:40:00,M004,BATCH_045,newsprint,6.037050505120322,26.24205885967839,57.36950283445198,2025-09-08 15:00:00,2025-09-08 17:00:00,0
2025-09-08 15:50:00,M004,BATCH_045,newsprint,6.7018575332611325,26.747121030806056,44.94834294763835,2025-09-08 15:00:00,2025-09-08 17:00:00,0
2025-09-08 16:00:00,M004,BATCH_045,newsprint,6.677450845398084,21.788010614384568,52.46499957916971,2025-09-08 15:00:00,2025-09-08 17:00:00,0
2025-09-08 16:10:00,M004,BATCH_045,newsprint,6.318164620731578,28.60807667435878,49.12470306395344,2025-09-08 15:00:00,2025-09-08 17:00:00,0
2025-09-08 16:20:00,M004,BATCH_045,newsprint,6.100362528736289,24.44932596973142,49.840221346936374,2025-09-08 15:00:00,2025-09-08 17:00:00,0
2025-09-08 16:30:00,M004,BATCH_045,newsprint,6.3913214519671,27.1529433110468,46.452614431004164,2025-09-08 15:00:00,2025-09-08 17:00:00,0
2025-09-08 16:40:00,M004,BATCH_045,newsprint,6.550826660744008,22.445716115007873,47.43676556557924,2025-09-08 15:00:00,2025-09-08 17:00:00,0
2025-09-08 16:50:00,M004,BATCH_045,newsprint,6.46131833749127,22.432229141684005,52.52746982101407,2025-09-08 15:00:00,2025-09-08 17:00:00,0
2025-09-08 17:00:00,M004,BATCH_045,newsprint,6.378873935491264,24.833817327947212,46.937386932706914,2025-09-08 15:00:00,2025-09-08 17:00:00,0
2025-09-08 19:00:00,M002,BATCH_046,coated,6.660701556468241,25.97410564326495,49.70361840254611,2025-09-08 19:00:00,2025-09-08 21:00:00,0
2025-09-08 19:10:00,M002,BATCH_046,coated,8.963053762309844,22.864187727204346,50.61300888524508,2025-09-08 19:00:00,2025-09-08 21:00:00,0
2025-09-08 19:20:00,M002,BATCH_046,coated,6.520967479210957,21.69758734371597,52.52039461289958,2025-09-08 19:00:00,2025-09-08 21:00:00,0
2025-09-08 19:30:00,M002,BATCH_046,coated,7.223532062912679,26.56291531817681,49.06804531745103,2025-09-08 19:00:00,2025-09-08 21:00:00,0
2025-09-08 19:40:00,M002,BATCH_046,coated,5.959146665524528,24.641747149197666,45.02823182920237,2025-09-08 19:00:00,2025-09-08 21:00:00,0
2025-09-08 19:50:00,M002,BATCH_046,coated,7.5559649794009225,22.687786789128243,50.22643573143658,2025-09-08 19:00:00,2025-09-08 21:00:00,0
2025-09-08 20:00:00,M002,BATCH_046,coated,6.476367979036195,26.4104746913728,52.86270178879049,2025-09-08 19:00:00,2025-09-08 21:00:00,0
2025-09-08 20:10:00,M002,BATCH_046,coated,6.040313200653292,26.157384499940886,43.94394759344926,2025-09-08 19:00:00,2025-09-08 21:00:00,0
2025-09-08 20:20:00,M002,BATCH_046,coated,6.204478873297565,28.823432005600722,53.95556382319514,2025-09-08 19:00:00,2025-09-08 21:00:00,0
2025-09-08 20:30:00,M002,BATCH_046,coated,6.626710872697259,23.972551715617,45.444227047477845,2025-09-08 19:00:00,2025-09-08 21:00:00,0
2025-09-08 20:40:00,M002,BATCH_046,coated,6.380850381986998,25.6856766012441,44.39356143297738,2025-09-08 19:00:00,2025-09-08 21:00:00,0
2025-09-08 20:50:00,M002,BATCH_046,coated,6.438975976176206,27.871338824554666,51.55125361117972,2025-09-08 19:00:00,2025-09-08 21:00:00,0
2025-09-08 21:00:00,M002,BATCH_046,coated,6.693473462675686,27.009271612217574,47.00341209438607,2025-09-08 19:00:00,2025-09-08 21:00:00,0
2025-09-08 23:00:00,M002,BATCH_047,kraft,6.107992815893234,,40.02233109829753,2025-09-08 23:00:00,2025-09-09 01:00:00,1
2025-09-08 23:10:00,M002,BATCH_047,kraft,7.163566316375598,25.370514339060133,51.348388021660654,2025-09-08 23:00:00,2025-09-09 01:00:00,1
2025-09-08 23:20:00,M002,BATCH_047,kraft,7.079314379422488,25.68051507962835,49.15744880982914,2025-09-08 23:00:00,2025-09-09 01:00:00,1
2025-09-08 23:30:00,M002,BATCH_047,kraft,6.754024876621816,25.157108076677325,55.03757058874548,2025-09-08 23:00:00,2025-09-09 01:00:00,1
2025-09-08 23:40:00,M002,BATCH_047,kraft,7.217077741069215,24.48836376520946,43.8127873485318,2025-09-08 23:00:00,2025-09-09 01:00:00,1
2025-09-08 23:50:00,M002,BATCH_047,kraft,6.064011989948663,27.79076275870846,47.95920838325351,2025-09-08 23:00:00,2025-09-09 01:00:00,1
2025-09-09 00:00:00,M002,BATCH_047,kraft,6.206281815067283,23.86106979630397,51.00958615304404,2025-09-08 23:00:00,2025-09-09 01:00:00,1
2025-09-09 00:10:00,M002,BATCH_047,kraft,6.955730558373109,24.16752223366775,52.08802458306163,2025-09-08 23:00:00,2025-09-09 01:00:00,1
2025-09-09 00:20:00,M002,BATCH_047,kraft,5.787895174280284,23.846126727943243,41.98145292674528,2025-09-08 23:00:00,2025-09-09 01:00:00,1
2025-09-09 00:30:00,M002,BATCH_047,kraft,6.213515964292978,25.560177141069644,53.830966064999735,2025-09-08 23:00:00,2025-09-09 01:00:00,1
2025-09-09 00:40:00,M002,BATCH_047,kraft,6.134289258508356,24.026443087526193,49.67543807529674,2025-09-08 23:00:00,2025-09-09 01:00:00,1
2025-09-09 00:50:00,UNKNOWN,BATCH_047,kraft,5.963253327056266,25.416270886261604,52.004846287186595,2025-09-08 23:00:00,2025-09-09 01:00:00,1
2025-09-09 01:00:00,M002,BATCH_047,kraft,6.418481823211897,25.73890339464835,56.39913153260689,2025-09-08 23:00:00,2025-09-09 01:00:00,1
2025-09-09 03:00:00,M001,BATCH_048,newsprint,5.741746360632373,22.2457038850295,,2025-09-09 03:00:00,2025-09-09 05:00:00,0
2025-09-09 03:10:00,M001,BATCH_048,newsprint,5.7111433525796995,22.50571910802319,55.99157311082233,2025-09-09 03:00:00,2025-09-09 05:00:00,0
2025-09-09 03:20:00,M001,BATCH_048,newsprint,7.442971824355574,24.022076610450252,41.17715134475049,2025-09-09 03:00:00,2025-09-09 05:00:00,0
2025-09-09 03:30:00,M001,BATCH_048,newsprint,6.366602369327748,23.06340036886769,53.53650505055272,2025-09-09 03:00:00,2025-09-09 05:00:00,0
2025-09-09 03:40:00,M001,BATCH_048,newsprint,6.920995436259946,27.69210053379415,50.24086265264384,2025-09-09 03:00:00,2025-09-09 05:00:00,0
2025-09-09 03:50:00,M001,BATCH_048,newsprint,7.257108257850322,26.70066097572598,51.31243125642191,2025-09-09 03:00:00,2025-09-09 05:00:00,0
2025-09-09 04:00:00,M001,BATCH_048,newsprint,,24.326330795276558,42.85163180692034,2025-09-09 03:00:00,2025-09-09 05:00:00,0
2025-09-09 04:10:00,M001,BATCH_048,newsprint,6.275391493032874,27.205747494880836,46.9903045600173,2025-09-09 03:00:00,2025-09-09 05:00:00,0
2025-09-09 04:20:00,M001,BATCH_048,newsprint,6.842951142260083,26.08925824762573,55.762657614643096,2025-09-09 03:00:00,2025-09-09 05:00:00,0
2025-09-09 04:30:00,M001,BATCH_048,newsprint,6.644438308808202,26.287772947467307,39.977607525318284,2025-09-09 03:00:00,2025-09-09 05:00:00,0
2025-09-09 04:40:00,M001,BATCH_048,newsprint,6.920950340983057,24.846431101292797,52.56907691390144,2025-09-09 03:00:00,2025-09-09 05:00:00,0
2025-09-09 04:50:00,M001,BATCH_048,newsprint,6.679629011379795,26.36491879929064,53.81398361603953,2025-09-09 03:00:00,2025-09-09 05:00:00,0
2025-09-09 05:00:00,M001,BATCH_048,newsprint,6.583911955759135,26.15212279480308,54.92765123675785,2025-09-09 03:00:00,2025-09-09 05:00:00,0
2025-09-09 07:00:00,M001,BATCH_049,kraft,6.610179807023129,27.55806467089246,50.100388579462305,2025-09-09 07:00:00,2025-09-09 09:00:00,0
2025-09-09 07:10:00,M001,BATCH_049,kraft,,24.125655175598624,51.516443864175876,2025-09-09 07:00:00,2025-09-09 09:00:00,0
2025-09-09 07:20:00,M001,BATCH_049,kraft,6.620860268399196,25.509463818097032,38.02390137169326,2025-09-09 07:00:00,2025-09-09 09:00:00,0
2025-09-09 07:30:00,M001,BATCH_049,kraft,6.55186224878313,23.30034126871915,57.42755461855351,2025-09-09 07:00:00,2025-09-09 09:00:00,0
2025-09-09 07:40:00,M001,BATCH_049,kraft,6.21556667117813,27.399209469902747,52.72147270869448,2025-09-09 07:00:00,2025-09-09 09:00:00,0
2025-09-09 07:50:00,M001,BATCH_049,kraft,6.928168565119648,27.948323787941145,52.22439092923176,2025-09-09 07:00:00,2025-09-09 09:00:00,0
2025-09-09 08:00:00,M001,BATCH_049,kraft,6.079396720308241,25.037082917554482,57.50732901711106,2025-09-09 07:00:00,2025-09-09 09:00:00,0
2025-09-09 08:10:00,M001,BATCH_049,kraft,5.875910099619993,23.91819142247258,51.42461446370727,2025-09-09 07:00:00,2025-09-09 09:00:00,0
2025-09-09 08:20:00,M001,BATCH_049,kraft,6.010447156127938,,52.316033209348376,2025-09-09 07:00:00,2025-09-09 09:00:00,0
2025-09-09 08:30:00,M001,BATCH_049,kraft,6.26791932682522,28.288056977925056,46.82751676655146,2025-09-09 07:00:00,2025-09-09 09:00:00,0
2025-09-09 08:40:00,M001,BATCH_049,kraft,6.18194428022549,25.18661323722766,40.61148049383534,2025-09-09 07:00:00,2025-09-09 09:00:00,0
2025-09-09 08:50:00,M001,BATCH_049,kraft,7.444251908064066,22.682074708157423,46.477997279287564,2025-09-09 07:00:00,2025-09-09 09:00:00,0
2025-09-09 09:00:00,M001,BATCH_049,kraft,6.5237270446228255,22.27870416468731,53.35224815138295,2025-09-09 07:00:00,2025-09-09 09:00:00,0
2025-09-09 11:00:00,M003,BATCH_050,coated,6.773940636882162,25.892265977555944,40.106732650346295,2025-09-09 11:00:00,2025-09-09 13:00:00,0
2025-09-09 11:10:00,M003,BATCH_050,coated,7.15185642767598,24.977767228609892,51.2714177260156,2025-09-09 11:00:00,2025-09-09 13:00:00,0
2025-09-09 11:20:00,M003,BATCH_050,coated,,28.43587751464365,42.05417510021314,2025-09-09 11:00:00,2025-09-09 13:00:00,0
2025-09-09 11:30:00,M003,BATCH_050,coated,7.324462359420117,25.565872966961553,42.548989840152856,2025-09-09 11:00:00,2025-09-09 13:00:00,0
2025-09-09 11:40:00,M003,BATCH_050,coated,7.166885073977758,23.07817086803526,51.011844835196996,2025-09-09 11:00:00,2025-09-09 13:00:00,0
2025-09-09 11:50:00,M003,BATCH_050,coated,6.341619445441238,27.26696208471576,41.949580699355735,2025-09-09 11:00:00,2025-09-09 13:00:00,0
2025-09-09 12:00:00,M003,BATCH_050,coated,6.587372345302024,27.150926364127194,47.15130317925665,2025-09-09 11:00:00,2025-09-09 13:00:00,0
2025-09-09 12:10:00,M003,BATCH_050,,5.636386836162226,25.081018337756728,46.302610459944304,2025-09-09 11:00:00,2025-09-09 13:00:00,0
2025-09-09 12:20:00,M003,BATCH_050,coated,,24.018435824000083,,2025-09-09 11:00:00,2025-09-09 13:00:00,0
2025-09-09 12:30:00,M003,BATCH_050,coated,6.128874458092391,23.6365311197093,40.85589453458297,2025-09-09 11:00:00,2025-09-09 13:00:00,0
2025-09-09 12:40:00,M003,BATCH_050,coated,6.364500202954147,25.921117469403587,55.09207608236067,2025-09-09 11:00:00,2025-09-09 13:00:00,0
2025-09-09 12:50:00,M003,BATCH_050,coated,6.16137124454286,26.628828783494367,58.644363408793176,2025-09-09 11:00:00,2025-09-09 13:00:00,0
2025-09-09 13:00:00,M003,BATCH_050,coated,6.194845578484776,24.64688952383278,50.241392166691355,2025-09-09 11:00:00,2025-09-09 13:00:00,0
2025-09-09 15:00:00,M003,BATCH_051,newsprint,6.803562224380025,24.685159275591378,,2025-09-09 15:00:00,2025-09-09 17:00:00,0
2025-09-09 15:10:00,M003,BATCH_051,newsprint,7.019548682340605,23.714962143927465,51.20302649375212,2025-09-09 15:00:00,2025-09-09 17:00:00,0
2025-09-09 15:20:00,M003,BATCH_051,newsprint,6.154954437372541,25.17394045433304,47.29789382375674,2025-09-09 15:00:00,2025-09-09 17:00:00,0
2025-09-09 15:30:00,UNKNOWN,BATCH_051,newsprint,6.282211312295378,29.621500085790117,58.03651052606759,2025-09-09 15:00:00,2025-09-09 17:00:00,0
2025-09-09 15:40:00,M003,BATCH_051,newsprint,7.219545211763462,27.976470430005467,58.889173290983244,2025-09-09 15:00:00,2025-09-09 17:00:00,0
2025-09-09 15:50:00,M003,BATCH_051,newsprint,6.545850113127153,24.59168755576317,45.74090932244211,2025-09-09 15:00:00,2025-09-09 17:00:00,0
2025-09-09 16:00:00,M003,BATCH_051,newsprint,6.535194301959089,23.616231254690252,,2025-09-09 15:00:00,2025-09-09 17:00:00,0
2025-09-09 16:10:00,M003,BATCH_051,newsprint,7.424019668911817,25.58500436811188,45.01612390230639,2025-09-09 15:00:00,2025-09-09 17:00:00,0
2025-09-09 16:20:00,M003,BATCH_051,newsprint,6.1829767053079125,23.98456299700068,39.36097141516566,2025-09-09 15:00:00,2025-09-09 17:00:00,0
2025-09-09 16:30:00,M003,BATCH_051,newsprint,6.041186690970379,23.43142420387372,46.94801425363129,2025-09-09 15:00:00,2025-09-09 17:00:00,0
2025-09-09 16:40:00,M003,BATCH_051,newsprint,6.241568376165527,26.29160665212796,50.238133223316886,2025-09-09 15:00:00,2025-09-09 17:00:00,0
2025-09-09 16:50:00,M003,BATCH_051,newsprint,6.474821732996466,24.557676751101283,50.56199596388656,2025-09-09 15:00:00,2025-09-09 17:00:00,0
2025-09-09 17:00:00,M003,BATCH_051,newsprint,7.6440201073454705,27.666273026371567,55.005662098774984,2025-09-09 15:00:00,2025-09-09 17:00:00,0
2025-09-09 19:00:00,M002,BATCH_052,coated,6.42185990207231,24.714775492303893,42.253204050613036,2025-09-09 19:00:00,2025-09-09 21:00:00,0
2025-09-09 19:10:00,M002,BATCH_052,coated,6.823723919139734,19.638535356214966,57.948218112300935,2025-09-09 19:00:00,2025-09-09 21:00:00,0
2025-09-09 19:20:00,M002,BATCH_052,coated,6.536215276774694,22.918830883760982,56.00944440736934,2025-09-09 19:00:00,2025-09-09 21:00:00,0
2025-09-09 19:30:00,M002,BATCH_052,coated,6.502188927716369,23.45759845618614,50.69155970729304,2025-09-09 19:00:00,2025-09-09 21:00:00,0
2025-09-09 19:40:00,UNKNOWN,BATCH_052,coated,6.007407744089037,24.183422741572134,53.10021279754315,2025-09-09 19:00:00,2025-09-09 21:00:00,0
2025-09-09 19:50:00,M002,BATCH_052,coated,7.055919179421174,21.847131114324252,51.14922481246302,2025-09-09 19:00:00,2025-09-09 21:00:00,0
2025-09-09 20:00:00,M002,BATCH_052,coated,6.914646872870219,27.84977703748615,55.264653078056156,2025-09-09 19:00:00,2025-09-09 21:00:00,0
2025-09-09 20:10:00,M002,BATCH_052,coated,6.637737816419723,23.841399204074243,37.356277180479026,2025-09-09 19:00:00,2025-09-09 21:00:00,0
2025-09-09 20:20:00,M002,BATCH_052,coated,6.985467544480604,25.991163151506566,49.53242818389121,2025-09-09 19:00:00,2025-09-09 21:00:00,0
2025-09-09 20:30:00,M002,BATCH_052,coated,7.40401293704183,24.907577927164354,45.00690011531256,2025-09-09 19:00:00,2025-09-09 21:00:00,0
2025-09-09 20:40:00,M002,BATCH_052,coated,6.989416921959842,22.85813896829926,53.228401028143445,2025-09-09 19:00:00,2025-09-09 21:00:00,0
2025-09-09 20:50:00,M002,BATCH_052,coated,5.99557479563245,24.751450360150628,48.26800754855496,2025-09-09 19:00:00,2025-09-09 21:00:00,0
2025-09-09 21:00:00,M002,BATCH_052,coated,6.249707879049474,22.94707946692462,40.267024226997435,2025-09-09 19:00:00,2025-09-09 21:00:00,0
2025-09-09 23:00:00,M001,BATCH_053,kraft,6.699489752493451,23.990796114052095,54.747456615476324,2025-09-09 23:00:00,2025-09-10 01:00:00,0
2025-09-09 23:10:00,M001,BATCH_053,kraft,7.514707324460906,25.151595936503774,38.05499067477725,2025-09-09 23:00:00,2025-09-10 01:00:00,0
2025-09-09 23:20:00,M001,BATCH_053,kraft,6.4688510353017765,27.840329826744146,57.112288680187696,2025-09-09 23:00:00,2025-09-10 01:00:00,0
2025-09-09 23:30:00,M001,BATCH_053,kraft,6.9239161574812815,25.08478634387711,46.43825411028778,2025-09-09 23:00:00,2025-09-10 01:00:00,0
2025-09-09 23:40:00,M001,BATCH_053,kraft,6.535091597050852,25.558173734790202,54.455676426332865,2025-09-09 23:00:00,2025-09-10 01:00:00,0
2025-09-09 23:50:00,M001,BATCH_053,kraft,7.15259435739786,24.381254677183808,48.45455056082427,2025-09-09 23:00:00,2025-09-10 01:00:00,0
2025-09-10 00:00:00,M001,BATCH_053,kraft,5.887081704395822,26.959715275968595,50.97098599703315,2025-09-09 23:00:00,2025-09-10 01:00:00,0
2025-09-10 00:10:00,M001,BATCH_053,kraft,6.565696024759943,27.53068209691095,55.46201378277655,2025-09-09 23:00:00,2025-09-10 01:00:00,0
2025-09-10 00:20:00,M001,BATCH_053,kraft,6.911632936246989,25.3958145970732,36.669037267138194,2025-09-09 23:00:00,2025-09-10 01:00:00,0
2025-09-10 00:30:00,M001,BATCH_053,kraft,6.33726857425091,,47.3051659637793,2025-09-09 23:00:00,2025-09-10 01:00:00,0
2025-09-10 00:40:00,M001,BATCH_053,kraft,7.194471260676921,23.820149759457706,53.11960418625237,2025-09-09 23:00:00,2025-09-10 01:00:00,0
2025-09-10 00:50:00,M001,BATCH_053,kraft,7.1199655525879555,27.55242829013574,46.806328618216426,2025-09-09 23:00:00,2025-09-10 01:00:00,0
2025-09-10 01:00:00,M001,BATCH_053,kraft,6.180191003671114,23.28969636569662,50.360707300644826,2025-09-09 23:00:00,2025-09-10 01:00:00,0
2025-09-10 03:00:00,M003,BATCH_054,coated,6.254590096648921,24.178259894431175,48.73500680896995,2025-09-10 03:00:00,2025-09-10 05:00:00,0
2025-09-10 03:10:00,M003,BATCH_054,coated,6.052188626987143,27.244623259149996,44.76785616705947,2025-09-10 03:00:00,2025-09-10 05:00:00,0
2025-09-10 03:20:00,M003,BATCH_054,coated,6.5775545751485955,24.989291602951383,50.9794354224477,2025-09-10 03:00:00,2025-09-10 05:00:00,0
2025-09-10 03:30:00,M003,BATCH_054,coated,7.012974242387582,25.64765316148752,56.198228751419705,2025-09-10 03:00:00,2025-09-10 05:00:00,0
2025-09-10 03:40:00,M003,BATCH_054,coated,6.270388357399175,24.86137100744956,54.08937759926569,2025-09-10 03:00:00,2025-09-10 05:00:00,0
2025-09-10 03:50:00,M003,BATCH_054,coated,6.024347965838849,20.462450301659334,38.50530107229997,2025-09-10 03:00:00,2025-09-10 05:00:00,0
2025-09-10 04:00:00,M003,BATCH_054,coated,6.44694078353552,24.109858378164837,54.044637117243646,2025-09-10 03:00:00,2025-09-10 05:00:00,0
2025-09-10 04:10:00,M003,BATCH_054,coated,6.831869888845531,,48.84296444208548,2025-09-10 03:00:00,2025-09-10 05:00:00,0
2025-09-10 04:20:00,M003,BATCH_054,coated,6.090000560614392,26.42067876581536,48.98746459157377,2025-09-10 03:00:00,2025-09-10 05:00:00,0
2025-09-10 04:30:00,M003,BATCH_054,coated,6.364286273856699,25.5503818650741,51.18703563230946,2025-09-10 03:00:00,2025-09-10 05:00:00,0
2025-09-10 04:40:00,M003,BATCH_054,coated,,26.440329451193808,52.374501539356764,2025-09-10 03:00:00,2025-09-10 05:00:00,0
2025-09-10 04:50:00,M003,BATCH_054,coated,6.564265585187401,23.2191501272661,44.10483394868639,2025-09-10 03:00:00,2025-09-10 05:00:00,0
2025-09-10 05:00:00,M003,BATCH_054,coated,6.0544137438197385,24.242548962079937,46.28790632417723,2025-09-10 03:00:00,2025-09-10 05:00:00,0
2025-09-10 07:00:00,M004,BATCH_055,coated,6.078024659378393,25.267450535713344,32.36926501641595,2025-09-10 07:00:00,2025-09-10 09:00:00,0
2025-09-10 07:10:00,M004,BATCH_055,coated,6.028702224703093,25.088490681803762,41.32361373092451,2025-09-10 07:00:00,2025-09-10 09:00:00,0
2025-09-10 07:20:00,M004,BATCH_055,coated,6.872906494839015,24.22293937130985,42.61298924270111,2025-09-10 07:00:00,2025-09-10 09:00:00,0
2025-09-10 07:30:00,M004,BATCH_055,coated,6.822429098018111,25.36510551379576,44.46611726942732,2025-09-10 07:00:00,2025-09-10 09:00:00,0
2025-09-10 07:40:00,UNKNOWN,BATCH_055,coated,7.164685702934289,25.01650249740331,43.78738401677162,2025-09-10 07:00:00,2025-09-10 09:00:00,0
2025-09-10 07:50:00,M004,BATCH_055,coated,7.033064632985688,25.766082549190926,53.39018435184306,2025-09-10 07:00:00,2025-09-10 09:00:00,0
2025-09-10 08:00:00,M004,BATCH_055,coated,8.963053762309844,26.84254492208953,52.236470875487306,2025-09-10 07:00:00,2025-09-10 09:00:00,0
2025-09-10 08:10:00,M004,BATCH_055,coated,5.919329661303127,26.601027365683084,49.74245856010927,2025-09-10 07:00:00,2025-09-10 09:00:00,0
2025-09-10 08:20:00,M004,BATCH_055,coated,5.7671575459823625,27.68609058839862,54.299699912723504,2025-09-10 07:00:00,2025-09-10 09:00:00,0
2025-09-10 08:30:00,M004,BATCH_055,coated,6.732849265349009,25.185686685232493,42.52187897533863,2025-09-10 07:00:00,2025-09-10 09:00:00,0
2025-09-10 08:40:00,M004,BATCH_055,coated,6.218758177512661,27.86074994952493,50.99423120968003,2025-09-10 07:00:00,2025-09-10 09:00:00,0
2025-09-10 08:50:00,M004,BATCH_055,coated,7.139371667348381,27.686066166205954,50.27986722369497,2025-09-10 07:00:00,2025-09-10 09:00:00,0
2025-09-10 09:00:00,M004,BATCH_055,coated,6.880833524671474,23.008494856482358,53.425886548229386,2025-09-10 07:00:00,2025-09-10 09:00:00,0
2025-09-10 11:00:00,M001,BATCH_056,kraft,5.927320830502606,25.771969416071627,47.4476545220834,2025-09-10 11:00:00,2025-09-10 13:00:00,0
2025-09-10 11:10:00,M001,BATCH_056,kraft,5.312367641712026,25.881603974275954,47.631368998296814,2025-09-10 11:00:00,2025-09-10 13:00:00,0
2025-09-10 11:20:00,M001,BATCH_056,kraft,6.664680627592255,26.381003095348653,49.33406972262239,2025-09-10 11:00:00,2025-09-10 13:00:00,0
2025-09-10 11:30:00,M001,BATCH_056,kraft,6.452286877558393,23.456034151402914,54.29168499636343,2025-09-10 11:00:00,2025-09-10 13:00:00,0
2025-09-10 11:40:00,M001,BATCH_056,kraft,6.858512377413684,23.38864082478907,47.95903175986641,2025-09-10 11:00:00,2025-09-10 13:00:00,0
2025-09-10 11:50:00,M001,BATCH_056,kraft,5.811055486977481,24.933930544549142,44.71742352723593,2025-09-10 11:00:00,2025-09-10 13:00:00,0
2025-09-10 12:00:00,M001,BATCH_056,kraft,5.680067091194041,23.996472777636374,42.53502597046452,2025-09-10 11:00:00,2025-09-10 13:00:00,0
2025-09-10 12:10:00,UNKNOWN,BATCH_056,kraft,6.479787433037417,25.205817076854306,62.183287524818454,2025-09-10 11:00:00,2025-09-10 13:00:00,0
2025-09-10 12:20:00,M001,BATCH_056,kraft,6.153327535616745,23.764310840224024,44.9865137769501,2025-09-10 11:00:00,2025-09-10 13:00:00,0
2025-09-10 12:30:00,M001,BATCH_056,kraft,6.481506476458149,21.2722833523669,46.01328702755982,2025-09-10 11:00:00,2025-09-10 13:00:00,0
2025-09-10 12:40:00,M001,BATCH_056,kraft,6.520669723703398,26.050162585388733,45.557327145437384,2025-09-10 11:00:00,2025-09-10 13:00:00,0
2025-09-10 12:50:00,M001,BATCH_056,kraft,6.349376612506864,20.256595759895085,45.84158769920151,2025-09-10 11:00:00,2025-09-10 13:00:00,0
2025-09-10 13:00:00,M001,BATCH_056,kraft,6.680419496361935,23.90900149573766,56.94707445700462,2025-09-10 11:00:00,2025-09-10 13:00:00,0
2025-09-10 15:00:00,M001,BATCH_057,kraft,6.6515397578980116,23.569455549055483,47.7658603373073,2025-09-10 15:00:00,2025-09-10 17:00:00,0
2025-09-10 15:10:00,M001,BATCH_057,kraft,6.2412264618283855,23.887019819654135,57.93061875801677,2025-09-10 15:00:00,2025-09-10 17:00:00,0
2025-09-10 15:20:00,M001,BATCH_057,kraft,6.622769267223787,30.585554435895904,48.46280645157646,2025-09-10 15:00:00,2025-09-10 17:00:00,0
2025-09-10 15:30:00,M001,BATCH_057,kraft,7.212613338916196,22.919086203861525,44.426262446613485,2025-09-10 15:00:00,2025-09-10 17:00:00,0
2025-09-10 15:40:00,M001,BATCH_057,kraft,6.535038008118812,22.995864361294178,48.47634107331224,2025-09-10 15:00:00,2025-09-10 17:00:00,0
2025-09-10 15:50:00,M001,BATCH_057,kraft,5.581803723754245,27.584930210288302,49.521566913959425,2025-09-10 15:00:00,2025-09-10 17:00:00,0
2025-09-10 16:00:00,M001,BATCH_057,kraft,7.647541401402647,23.89487752896173,51.0716157930547,2025-09-10 15:00:00,2025-09-10 17:00:00,0
2025-09-10 16:10:00,M001,BATCH_057,kraft,6.217220979805957,24.795983953703495,,2025-09-10 15:00:00,2025-09-10 17:00:00,0
2025-09-10 16:20:00,M001,BATCH_057,kraft,6.021983682682919,26.907012494218623,51.01612932391067,2025-09-10 15:00:00,2025-09-10 17:00:00,0
2025-09-10 16:30:00,M001,BATCH_057,kraft,6.4935599098156365,28.501151787929643,58.266887779943644,2025-09-10 15:00:00,2025-09-10 17:00:00,0
2025-09-10 16:40:00,M001,BATCH_057,kraft,6.986413822053349,26.80450481269479,49.82057789413011,2025-09-10 15:00:00,2025-09-10 17:00:00,0
2025-09-10 16:50:00,M001,BATCH_057,kraft,6.304732255292854,26.355407260709278,48.00662323948274,2025-09-10 15:00:00,2025-09-10 17:00:00,0
2025-09-10 17:00:00,M001,BATCH_057,kraft,6.8357892529406,26.77293142216655,47.37027283573075,2025-09-10 15:00:00,2025-09-10 17:00:00,0
2025-09-10 19:00:00,M002,BATCH_058,newsprint,7.43439080436459,26.632901118197996,51.77794105632473,2025-09-10 19:00:00,2025-09-10 21:00:00,1
2025-09-10 19:10:00,M002,BATCH_058,newsprint,6.954179081443418,19.97745020218176,49.33455096860877,2025-09-10 19:00:00,2025-09-10 21:00:00,1
2025-09-10 19:20:00,M002,BATCH_058,newsprint,6.466814559780743,26.00999834925675,47.7863378946886,2025-09-10 19:00:00,2025-09-10 21:00:00,1
2025-09-10 19:30:00,M002,BATCH_058,newsprint,6.32675756871596,26.961994751077416,44.923782881662504,2025-09-10 19:00:00,2025-09-10 21:00:00,1
2025-09-10 19:40:00,M002,BATCH_058,newsprint,7.009624327717643,24.730163962424008,56.88473294462029,2025-09-10 19:00:00,2025-09-10 21:00:00,1
2025-09-10 19:50:00,M002,BATCH_058,newsprint,6.791727160413409,24.1035104030617,48.809735882933325,2025-09-10 19:00:00,2025-09-10 21:00:00,1
2025-09-10 20:00:00,M002,BATCH_058,newsprint,6.509513108744423,23.834476231933632,51.05546893968043,2025-09-10 19:00:00,2025-09-10 21:00:00,1
2025-09-10 20:10:00,M002,BATCH_058,newsprint,6.479143647196848,24.69305671756276,53.37557014010937,2025-09-10 19:00:00,2025-09-10 21:00:00,1
2025-09-10 20:20:00,M002,BATCH_058,newsprint,6.586673989563755,25.604638506115805,49.9473612226942,2025-09-10 19:00:00,2025-09-10 21:00:00,1
2025-09-10 20:30:00,M002,BATCH_058,newsprint,6.350065608352392,23.356122203562116,44.55835597681761,2025-09-10 19:00:00,2025-09-10 21:00:00,1
2025-09-10 20:40:00,M002,BATCH_058,newsprint,7.193855042181588,28.609864872664534,56.524483064142665,2025-09-10 19:00:00,2025-09-10 21:00:00,1
2025-09-10 20:50:00,M002,BATCH_058,newsprint,7.003646434041214,24.45855910664933,53.38423265272833,2025-09-10 19:00:00,2025-09-10 21:00:00,1
2025-09-10 21:00:00,M002,BATCH_058,newsprint,6.467803077824192,25.728637327719937,47.50515492509179,2025-09-10 19:00:00,2025-09-10 21:00:00,1
2025-09-10 23:00:00,M003,BATCH_059,kraft,7.0393565004923575,24.983621265691195,52.565388366438505,2025-09-10 23:00:00,2025-09-11 01:00:00,0
2025-09-10 23:10:00,M003,BATCH_059,kraft,6.8383172020524015,21.22912463557466,,2025-09-10 23:00:00,2025-09-11 01:00:00,0
2025-09-10 23:20:00,M003,BATCH_059,kraft,6.157177605667446,27.497493032178934,44.971936577374166,2025-09-10 23:00:00,2025-09-11 01:00:00,0
2025-09-10 23:30:00,M003,BATCH_059,kraft,5.6561058983764285,,55.79753012845522,2025-09-10 23:00:00,2025-09-11 01:00:00,0
2025-09-10 23:40:00,M003,BATCH_059,kraft,6.6942680568927955,24.175854376451785,49.320895313187116,2025-09-10 23:00:00,2025-09-11 01:00:00,0
2025-09-10 23:50:00,UNKNOWN,BATCH_059,kraft,6.6172017695222705,25.589219071988826,38.37590257446773,2025-09-10 23:00:00,2025-09-11 01:00:00,0
2025-09-11 00:00:00,M003,BATCH_059,kraft,6.43552288967861,25.47196794521052,50.21687180015444,2025-09-10 23:00:00,2025-09-11 01:00:00,0
2025-09-11 00:10:00,M003,BATCH_059,kraft,5.6572914507588274,26.17102017392778,52.51753425178676,2025-09-10 23:00:00,2025-09-11 01:00:00,0
2025-09-11 00:20:00,M003,BATCH_059,kraft,6.06406381472869,25.932596581438432,48.364336472624714,2025-09-10 23:00:00,2025-09-11 01:00:00,0
2025-09-11 00:30:00,M003,BATCH_059,kraft,5.788139546968536,25.822341747873722,41.6050713842099,2025-09-10 23:00:00,2025-09-11 01:00:00,0
2025-09-11 00:40:00,M003,BATCH_059,kraft,6.464950030388359,25.10561779675214,44.389362454264614,2025-09-10 23:00:00,2025-09-11 01:00:00,0
2025-09-11 00:50:00,M003,BATCH_059,kraft,6.631485306080358,27.55587000637211,49.20659506464752,2025-09-10 23:00:00,2025-09-11 01:00:00,0
2025-09-11 01:00:00,M003,BATCH_059,kraft,6.559036931263842,23.40999813596039,49.642733741219764,2025-09-10 23:00:00,2025-09-11 01:00:00,0
2025-09-11 03:00:00,M002,BATCH_060,coated,6.679092071254898,22.766895656813762,52.64683278590841,2025-09-11 03:00:00,2025-09-11 05:00:00,0
2025-09-11 03:10:00,M002,BATCH_060,coated,6.610062957382746,25.355287413186574,42.49807068834227,2025-09-11 03:00:00,2025-09-11 05:00:00,0
2025-09-11 03:20:00,M002,BATCH_060,coated,6.611039187209143,23.069060148606464,50.13163103660461,2025-09-11 03:00:00,2025-09-11 05:00:00,0
2025-09-11 03:30:00,M002,BATCH_060,coated,6.393922996090227,26.054825925057997,52.3030287275797,2025-09-11 03:00:00,2025-09-11 05:00:00,0
2025-09-11 03:40:00,M002,BATCH_060,coated,7.366253294993477,23.693714242259343,58.850040563880164,2025-09-11 03:00:00,2025-09-11 05:00:00,0
2025-09-11 03:50:00,M002,BATCH_060,coated,6.747100814922317,24.513724198619627,51.52057571526658,2025-09-11 03:00:00,2025-09-11 05:00:00,0
2025-09-11 04:00:00,M002,BATCH_060,coated,5.725958824311151,27.40744891000453,45.3460009613983,2025-09-11 03:00:00,2025-09-11 05:00:00,0
2025-09-11 04:10:00,M002,BATCH_060,coated,,22.143912118014462,53.03531606957892,2025-09-11 03:00:00,2025-09-11 05:00:00,0
2025-09-11 04:20:00,M002,BATCH_060,coated,,24.47421921761598,43.43523303430919,2025-09-11 03:00:00,2025-09-11 05:00:00,0
2025-09-11 04:30:00,M002,BATCH_060,coated,7.035576024552647,26.963609326611746,52.68927872359324,2025-09-11 03:00:00,2025-09-11 05:00:00,0
2025-09-11 04:40:00,M002,BATCH_060,coated,6.328150496939133,23.39396717609886,50.02668929228353,2025-09-11 03:00:00,2025-09-11 05:00:00,0
2025-09-11 04:50:00,M002,BATCH_060,coated,6.188695315482123,25.48141833595067,46.31130953323053,2025-09-11 03:00:00,2025-09-11 05:00:00,0
2025-09-11 05:00:00,M002,BATCH_060,coated,,25.004285992100616,61.45020833295736,2025-09-11 03:00:00,2025-09-11 05:00:00,0
2025-09-11 07:00:00,M001,BATCH_061,kraft,6.955927990059993,22.867999077211124,50.91632075857727,2025-09-11 07:00:00,2025-09-11 09:00:00,0
2025-09-11 07:10:00,M001,BATCH_061,kraft,6.2107951125250125,24.20753941601105,46.64692331927098,2025-09-11 07:00:00,2025-09-11 09:00:00,0
2025-09-11 07:20:00,M001,BATCH_061,kraft,6.124169788268499,22.86888620988046,44.354623042169194,2025-09-11 07:00:00,2025-09-11 09:00:00,0
2025-09-11 07:30:00,M001,BATCH_061,kraft,6.285929997292811,25.21597524577009,43.5554583465857,2025-09-11 07:00:00,2025-09-11 09:00:00,0
2025-09-11 07:40:00,M001,BATCH_061,kraft,7.241756408125005,24.02394490547667,47.306411721257,2025-09-11 07:00:00,2025-09-11 09:00:00,0
2025-09-11 07:50:00,M001,BATCH_061,kraft,6.718421923002051,26.26073659378894,46.804434524929775,2025-09-11 07:00:00,2025-09-11 09:00:00,0
2025-09-11 08:00:00,M001,BATCH_061,kraft,6.047915337532365,28.55874634697469,50.32910071967878,2025-09-11 07:00:00,2025-09-11 09:00:00,0
2025-09-11 08:10:00,M001,BATCH_061,kraft,,26.555584409402023,45.72556180769205,2025-09-11 07:00:00,2025-09-11 09:00:00,0
2025-09-11 08:20:00,M001,BATCH_061,kraft,6.8608717550146165,,52.8339962067709,2025-09-11 07:00:00,2025-09-11 09:00:00,0
2025-09-11 08:30:00,M001,BATCH_061,kraft,6.159376631830566,21.42362694749094,53.99521714174174,2025-09-11 07:00:00,2025-09-11 09:00:00,0
2025-09-11 08:40:00,M001,BATCH_061,kraft,6.865962246070471,24.396930956975986,47.26450781088094,2025-09-11 07:00:00,2025-09-11 09:00:00,0
2025-09-11 08:50:00,M001,BATCH_061,kraft,7.43829739282324,22.43877116573077,48.638087624203926,2025-09-11 07:00:00,2025-09-11 09:00:00,0
2025-09-11 09:00:00,M001,BATCH_061,kraft,6.379985063617319,24.256337919118366,54.759094959620086,2025-09-11 07:00:00,2025-09-11 09:00:00,0
2025-09-11 11:00:00,M004,BATCH_062,kraft,5.532032426606891,23.723588003284767,53.36801261579235,2025-09-11 11:00:00,2025-09-11 13:00:00,1
2025-09-11 11:10:00,M004,BATCH_062,kraft,6.706996559636567,,60.29216296254248,2025-09-11 11:00:00,2025-09-11 13:00:00,1
2025-09-11 11:20:00,M004,BATCH_062,kraft,6.808599381140933,24.403346309733475,45.83130210161412,2025-09-11 11:00:00,2025-09-11 13:00:00,1
2025-09-11 11:30:00,M004,BATCH_062,kraft,6.547439399517328,26.238200393051887,50.093415525142404,2025-09-11 11:00:00,2025-09-11 13:00:00,1
2025-09-11 11:40:00,M004,BATCH_062,kraft,6.815424046024097,25.171164212026937,48.17323236313713,2025-09-11 11:00:00,2025-09-11 13:00:00,1
2025-09-11 11:50:00,M004,BATCH_062,kraft,5.812291119919436,25.35956277696938,49.965813798267256,2025-09-11 11:00:00,2025-09-11 13:00:00,1
2025-09-11 12:00:00,M004,BATCH_062,kraft,6.018068629158757,25.99451093224456,46.91819493246169,2025-09-11 11:00:00,2025-09-11 13:00:00,1
2025-09-11 12:10:00,M004,BATCH_062,kraft,6.57255369733539,25.166727651534945,54.399878686296475,2025-09-11 11:00:00,2025-09-11 13:00:00,1
2025-09-11 12:20:00,M004,BATCH_062,kraft,6.479791098978377,25.676746235211347,,2025-09-11 11:00:00,2025-09-11 13:00:00,1
2025-09-11 12:30:00,M004,BATCH_062,kraft,6.8993857716226925,,57.80038779517804,2025-09-11 11:00:00,2025-09-11 13:00:00,1
2025-09-11 12:40:00,M004,BATCH_062,kraft,6.404376217930008,24.37258885886357,47.4750951995732,2025-09-11 11:00:00,2025-09-11 13:00:00,1
2025-09-11 12:50:00,M004,BATCH_062,kraft,6.65107073325645,23.775924801563395,48.83399231525835,2025-09-11 11:00:00,2025-09-11 13:00:00,1
2025-09-11 13:00:00,M004,BATCH_062,kraft,,26.304980902860855,53.65050058875384,2025-09-11 11:00:00,2025-09-11 13:00:00,1
2025-09-11 15:00:00,UNKNOWN,BATCH_063,coated,6.212104728276805,27.069052868956945,49.33565769059847,2025-09-11 15:00:00,2025-09-11 17:00:00,0
2025-09-11 15:10:00,M004,BATCH_063,coated,6.629243502894291,24.00284562362945,53.90938054878581,2025-09-11 15:00:00,2025-09-11 17:00:00,0
2025-09-11 15:20:00,M004,BATCH_063,coated,7.150077339781328,25.19905506863971,59.148033533898484,2025-09-11 15:00:00,2025-09-11 17:00:00,0
2025-09-11 15:30:00,M004,BATCH_063,coated,6.663107808817142,28.47382706992982,49.185266152274814,2025-09-11 15:00:00,2025-09-11 17:00:00,0
2025-09-11 15:40:00,M004,BATCH_063,coated,6.074278078420547,26.520278621632183,50.64264813686543,2025-09-11 15:00:00,2025-09-11 17:00:00,0
2025-09-11 15:50:00,M004,BATCH_063,coated,6.985418127239926,24.579333211458632,51.56397306660124,2025-09-11 15:00:00,2025-09-11 17:00:00,0
2025-09-11 16:00:00,M004,BATCH_063,coated,,24.29828456663188,46.999901466173945,2025-09-11 15:00:00,2025-09-11 17:00:00,0
2025-09-11 16:10:00,M004,BATCH_063,coated,5.949183596374235,24.423584165278626,53.54103545901304,2025-09-11 15:00:00,2025-09-11 17:00:00,0
2025-09-11 16:20:00,M004,BATCH_063,coated,6.381412898955486,25.23028476617779,49.051745169187775,2025-09-11 15:00:00,2025-09-11 17:00:00,0
2025-09-11 16:30:00,M004,BATCH_063,coated,6.297727003990758,21.236147226793495,53.33403124767367,2025-09-11 15:00:00,2025-09-11 17:00:00,0
2025-09-11 16:40:00,M004,BATCH_063,coated,6.703166854728056,23.932537808528874,47.27602014101648,2025-09-11 15:00:00,2025-09-11 17:00:00,0
2025-09-11 16:50:00,M004,BATCH_063,coated,5.8114152434088115,26.437121211670433,52.81779567769585,2025-09-11 15:00:00,2025-09-11 17:00:00,0
2025-09-11 17:00:00,M004,BATCH_063,coated,6.211333930123646,25.5818974532394,59.00425310592677,2025-09-11 15:00:00,2025-09-11 17:00:00,0
2025-09-11 19:00:00,M002,BATCH_064,kraft,6.91528797055217,27.43122967210123,43.206600560680194,2025-09-11 19:00:00,2025-09-11 21:00:00,0
2025-09-11 19:10:00,M002,BATCH_064,kraft,6.300381950755321,27.20454480488796,48.84412528081445,2025-09-11 19:00:00,2025-09-11 21:00:00,0
2025-09-11 19:20:00,M002,BATCH_064,kraft,6.447394506890605,29.90844537157613,49.99344880350828,2025-09-11 19:00:00,2025-09-11 21:00:00,0
2025-09-11 19:30:00,M002,BATCH_064,kraft,6.573092023682462,27.40288933878116,48.80178432676052,2025-09-11 19:00:00,2025-09-11 21:00:00,0
2025-09-11 19:40:00,M002,BATCH_064,kraft,6.5924945676169076,24.370317275132642,42.75852641290999,2025-09-11 19:00:00,2025-09-11 21:00:00,0
2025-09-11 19:50:00,M002,BATCH_064,kraft,6.846277585887907,23.16500792422303,42.85002204700329,2025-09-11 19:00:00,2025-09-11 21:00:00,0
2025-09-11 20:00:00,M002,BATCH_064,kraft,6.450163986785476,26.083997502611002,55.06486398077406,2025-09-11 19:00:00,2025-09-11 21:00:00,0
2025-09-11 20:10:00,M002,BATCH_064,kraft,7.545120185991692,25.957433654024015,44.375793978117265,2025-09-11 19:00:00,2025-09-11 21:00:00,0
2025-09-11 20:20:00,M002,BATCH_064,kraft,7.314067292948742,26.524864979827814,46.955574091031814,2025-09-11 19:00:00,2025-09-11 21:00:00,0
2025-09-11 20:30:00,M002,BATCH_064,kraft,5.2551517465888455,25.441143270138248,44.405908272829095,2025-09-11 19:00:00,2025-09-11 21:00:00,0
2025-09-11 20:40:00,M002,BATCH_064,kraft,6.573644465597978,24.78806993193853,46.81843429660632,2025-09-11 19:00:00,2025-09-11 21:00:00,0
2025-09-11 20:50:00,M002,BATCH_064,kraft,6.36967324339708,24.701283701254695,46.51630173399074,2025-09-11 19:00:00,2025-09-11 21:00:00,0
2025-09-11 21:00:00,M002,BATCH_064,kraft,6.472562317899431,24.157244959585935,45.03625920991226,2025-09-11 19:00:00,2025-09-11 21:00:00,0
2025-09-11 23:00:00,M004,BATCH_065,kraft,6.2134290544071495,26.48096475208853,52.36449092871669,2025-09-11 23:00:00,2025-09-12 01:00:00,1
2025-09-11 23:10:00,M004,BATCH_065,kraft,6.85633225475255,27.37803717734843,44.96732991689359,2025-09-11 23:00:00,2025-09-12 01:00:00,1
2025-09-11 23:20:00,M004,BATCH_065,kraft,6.073274844715325,22.344951911045555,48.651004385696474,2025-09-11 23:00:00,2025-09-12 01:00:00,1
2025-09-11 23:30:00,M004,BATCH_065,kraft,5.776937247124807,23.01910922500181,49.55374772498324,2025-09-11 23:00:00,2025-09-12 01:00:00,1
2025-09-11 23:40:00,M004,BATCH_065,kraft,6.603856529631575,28.446510380397637,47.81177179164282,2025-09-11 23:00:00,2025-09-12 01:00:00,1
2025-09-11 23:50:00,M004,BATCH_065,kraft,6.164576123523271,23.839085629121968,54.83136111572476,2025-09-11 23:00:00,2025-09-12 01:00:00,1
2025-09-12 00:00:00,M004,BATCH_065,kraft,6.999050120261601,22.255723070370045,45.63218654270838,2025-09-11 23:00:00,2025-09-12 01:00:00,1
2025-09-12 00:10:00,M004,BATCH_065,kraft,5.845000043916448,25.143322221349212,,2025-09-11 23:00:00,2025-09-12 01:00:00,1
2025-09-12 00:20:00,M004,BATCH_065,kraft,5.6968934658508905,23.778236990034337,56.109675003438184,2025-09-11 23:00:00,2025-09-12 01:00:00,1
2025-09-12 00:30:00,M004,BATCH_065,kraft,6.221067526211802,25.336734020439504,47.14597446216157,2025-09-11 23:00:00,2025-09-12 01:00:00,1
2025-09-12 00:40:00,M004,BATCH_065,kraft,6.879490169785751,23.6447398339082,53.86160250776763,2025-09-11 23:00:00,2025-09-12 01:00:00,1
2025-09-12 00:50:00,M004,BATCH_065,kraft,6.164827616520016,25.38244436042329,57.137671847186716,2025-09-11 23:00:00,2025-09-12 01:00:00,1
2025-09-12 01:00:00,M004,BATCH_065,kraft,6.641250251500458,24.126199109789262,49.97031046174002,2025-09-11 23:00:00,2025-09-12 01:00:00,1
2025-09-12 03:00:00,M004,BATCH_066,newsprint,5.576259301867425,25.32848079105451,54.294731665103214,2025-09-12 03:00:00,2025-09-12 05:00:00,0
2025-09-12 03:10:00,M004,BATCH_066,newsprint,,20.376561083979446,51.51926174633679,2025-09-12 03:00:00,2025-09-12 05:00:00,0
2025-09-12 03:20:00,M004,BATCH_066,newsprint,6.22877999902658,24.31270354817826,50.18361415417003,2025-09-12 03:00:00,2025-09-12 05:00:00,0
2025-09-12 03:30:00,M004,BATCH_066,newsprint,6.719772794924275,24.896024630286988,50.97416161063352,2025-09-12 03:00:00,2025-09-12 05:00:00,0
2025-09-12 03:40:00,M004,BATCH_066,,6.294523920545494,27.448595273160212,49.18326469126108,2025-09-12 03:00:00,2025-09-12 05:00:00,0
2025-09-12 03:50:00,M004,BATCH_066,newsprint,6.3274913111480116,26.736654908339638,45.20820264940615,2025-09-12 03:00:00,2025-09-12 05:00:00,0
2025-09-12 04:00:00,M004,BATCH_066,newsprint,5.819039861026968,26.404419458588645,47.21886663198439,2025-09-12 03:00:00,2025-09-12 05:00:00,0
2025-09-12 04:10:00,M004,BATCH_066,newsprint,6.521810058091333,24.28758014512839,53.25073025541601,2025-09-12 03:00:00,2025-09-12 05:00:00,0
2025-09-12 04:20:00,M004,BATCH_066,newsprint,,25.862617453650003,59.54370210030101,2025-09-12 03:00:00,2025-09-12 05:00:00,0
2025-09-12 04:30:00,M004,BATCH_066,newsprint,6.797406457794048,25.13075791928439,54.945003208031,2025-09-12 03:00:00,2025-09-12 05:00:00,0
2025-09-12 04:40:00,M004,BATCH_066,newsprint,6.432982523105404,24.59785045991729,49.70525195515938,2025-09-12 03:00:00,2025-09-12 05:00:00,0
2025-09-12 04:50:00,M004,BATCH_066,newsprint,5.470085520447827,22.154701274124893,56.646498686560946,2025-09-12 03:00:00,2025-09-12 05:00:00,0
2025-09-12 05:00:00,M004,BATCH_066,newsprint,6.027324359814077,23.695079827042996,46.51453892515134,2025-09-12 03:00:00,2025-09-12 05:00:00,0
2025-09-12 07:00:00,M004,BATCH_067,newsprint,6.009852029856389,21.41015506320865,45.316965550827135,2025-09-12 07:00:00,2025-09-12 09:00:00,0
2025-09-12 07:10:00,M004,BATCH_067,newsprint,6.712099581228054,24.699879154923927,57.842925503698766,2025-09-12 07:00:00,2025-09-12 09:00:00,0
2025-09-12 07:20:00,M004,BATCH_067,newsprint,5.323643609778986,28.04222423634001,50.63477936247291,2025-09-12 07:00:00,2025-09-12 09:00:00,0
2025-09-12 07:30:00,M004,BATCH_067,newsprint,5.38516786826794,23.47402671673605,52.54680011491283,2025-09-12 07:00:00,2025-09-12 09:00:00,0
2025-09-12 07:40:00,M004,BATCH_067,newsprint,6.559919437024213,25.151904252485355,52.880318605273644,2025-09-12 07:00:00,2025-09-12 09:00:00,0
2025-09-12 07:50:00,M004,BATCH_067,newsprint,6.040165598959334,26.21167992010998,47.249682401572095,2025-09-12 07:00:00,2025-09-12 09:00:00,0
2025-09-12 08:00:00,M004,BATCH_067,newsprint,5.956922902060049,24.263850313332526,55.46586170817106,2025-09-12 07:00:00,2025-09-12 09:00:00,0
2025-09-12 08:10:00,M004,BATCH_067,newsprint,6.936110613222498,26.891454494476687,51.06696907644961,2025-09-12 07:00:00,2025-09-12 09:00:00,0
2025-09-12 08:20:00,M004,BATCH_067,newsprint,6.106789298406553,19.489098829297987,48.56127066999931,2025-09-12 07:00:00,2025-09-12 09:00:00,0
2025-09-12 08:30:00,M004,BATCH_067,newsprint,6.823634289016979,20.79058478884887,47.555376825873424,2025-09-12 07:00:00,2025-09-12 09:00:00,0
2025-09-12 08:40:00,M004,BATCH_067,newsprint,6.921395991557415,25.22470560902444,52.91379908427871,2025-09-12 07:00:00,2025-09-12 09:00:00,0
2025-09-12 08:50:00,M004,BATCH_067,newsprint,7.34800694021336,26.969736101342836,52.761743927338344,2025-09-12 07:00:00,2025-09-12 09:00:00,0
2025-09-12 09:00:00,M004,BATCH_067,newsprint,5.8952304935219475,29.18426295910251,51.70964001879655,2025-09-12 07:00:00,2025-09-12 09:00:00,0
2025-09-12 11:00:00,M002,BATCH_068,coated,6.16420687600578,27.214661781965198,56.97651131382339,2025-09-12 11:00:00,2025-09-12 13:00:00,0
2025-09-12 11:10:00,M002,BATCH_068,coated,6.182399406877039,25.812158008545868,48.41776799324046,2025-09-12 11:00:00,2025-09-12 13:00:00,0
2025-09-12 11:20:00,M002,BATCH_068,coated,5.859985549150448,23.17773924056525,,2025-09-12 11:00:00,2025-09-12 13:00:00,0
2025-09-12 11:30:00,M002,BATCH_068,coated,6.199126660487638,25.73308161026315,42.90308098471675,2025-09-12 11:00:00,2025-09-12 13:00:00,0
2025-09-12 11:40:00,M002,BATCH_068,coated,7.077165808205709,26.753762285904486,44.40272802437172,2025-09-12 11:00:00,2025-09-12 13:00:00,0
2025-09-12 11:50:00,M002,BATCH_068,coated,5.652594737822333,23.404434805618155,40.971938920898005,2025-09-12 11:00:00,2025-09-12 13:00:00,0
2025-09-12 12:00:00,M002,BATCH_068,coated,5.685799274022212,,60.587838449809404,2025-09-12 11:00:00,2025-09-12 13:00:00,0
2025-09-12 12:10:00,M002,BATCH_068,coated,6.119818920406265,24.301970635134975,54.48653118816585,2025-09-12 11:00:00,2025-09-12 13:00:00,0
2025-09-12 12:20:00,M002,BATCH_068,coated,6.059090466710783,25.42951184694241,53.63791497240403,2025-09-12 11:00:00,2025-09-12 13:00:00,0
2025-09-12 12:30:00,M002,BATCH_068,coated,6.152760779150421,25.918838937505548,51.87031248362874,2025-09-12 11:00:00,2025-09-12 13:00:00,0
2025-09-12 12:40:00,M002,BATCH_068,coated,7.315619491209654,23.82369010616973,,2025-09-12 11:00:00,2025-09-12 13:00:00,0
2025-09-12 12:50:00,M002,BATCH_068,coated,6.797040148301495,21.108029704424332,40.76390356571504,2025-09-12 11:00:00,2025-09-12 13:00:00,0
2025-09-12 13:00:00,M002,BATCH_068,coated,6.410019020373598,26.71089085345708,47.96103955790788,2025-09-12 11:00:00,2025-09-12 13:00:00,0
2025-09-12 15:00:00,M003,BATCH_069,newsprint,7.084809418156501,28.583799235966538,53.269812102611475,2025-09-12 15:00:00,2025-09-12 17:00:00,1
2025-09-12 15:10:00,M003,BATCH_069,newsprint,5.891820930590738,27.1749233995965,50.88907847856514,2025-09-12 15:00:00,2025-09-12 17:00:00,1
2025-09-12 15:20:00,M003,BATCH_069,newsprint,6.435941609121513,23.45489778522737,50.953651218427304,2025-09-12 15:00:00,2025-09-12 17:00:00,1
2025-09-12 15:30:00,M003,BATCH_069,newsprint,5.518762112384364,27.744332857511274,47.347460147180804,2025-09-12 15:00:00,2025-09-12 17:00:00,1
2025-09-12 15:40:00,M003,BATCH_069,newsprint,6.513916989880501,26.49123990101216,52.51553601548287,2025-09-12 15:00:00,2025-09-12 17:00:00,1
2025-09-12 15:50:00,M003,BATCH_069,newsprint,6.960043374685974,25.884615008729188,49.10825315851802,2025-09-12 15:00:00,2025-09-12 17:00:00,1
2025-09-12 16:00:00,M003,BATCH_069,newsprint,7.548285113551247,25.0366890326893,57.362538898057124,2025-09-12 15:00:00,2025-09-12 17:00:00,1
2025-09-12 16:10:00,M003,BATCH_069,newsprint,6.747766635606352,24.732470746334617,52.830117124241994,2025-09-12 15:00:00,2025-09-12 17:00:00,1
2025-09-12 16:20:00,M003,BATCH_069,newsprint,6.142977333463499,26.691017647268296,52.570015601607096,2025-09-12 15:00:00,2025-09-12 17:00:00,1
2025-09-12 16:30:00,M003,BATCH_069,newsprint,6.634823357389695,23.137351321638647,56.314673017765514,2025-09-12 15:00:00,2025-09-12 17:00:00,1
2025-09-12 16:40:00,M003,BATCH_069,newsprint,6.548602568151631,26.201341816323975,50.46336203091046,2025-09-12 15:00:00,2025-09-12 17:00:00,1
2025-09-12 16:50:00,M003,BATCH_069,newsprint,6.37506214630703,24.97274573407774,39.31923608041967,2025-09-12 15:00:00,2025-09-12 17:00:00,1
2025-09-12 17:00:00,M003,BATCH_069,newsprint,6.596800184348966,25.17406979929012,49.5029602598789,2025-09-12 15:00:00,2025-09-12 17:00:00,1
2025-09-12 19:00:00,M003,BATCH_070,kraft,7.229395792607274,23.30146914603958,53.019180741269224,2025-09-12 19:00:00,2025-09-12 21:00:00,1
2025-09-12 19:10:00,M003,BATCH_070,kraft,6.39320373501234,26.151962420415305,54.93880485126503,2025-09-12 19:00:00,2025-09-12 21:00:00,1
2025-09-12 19:20:00,M003,BATCH_070,kraft,6.626854355958309,24.387351182022563,49.92691114949415,2025-09-12 19:00:00,2025-09-12 21:00:00,1
2025-09-12 19:30:00,UNKNOWN,BATCH_070,kraft,6.64552313848979,26.900222486871463,55.6164855487312,2025-09-12 19:00:00,2025-09-12 21:00:00,1
2025-09-12 19:40:00,M003,BATCH_070,kraft,6.206445192646877,26.388333012951737,47.49049406358656,2025-09-12 19:00:00,2025-09-12 21:00:00,1
2025-09-12 19:50:00,M003,BATCH_070,kraft,6.093203120841871,25.23148525682171,39.46571228967137,2025-09-12 19:00:00,2025-09-12 21:00:00,1
2025-09-12 20:00:00,M003,BATCH_070,kraft,6.281166197826322,,43.67844867300778,2025-09-12 19:00:00,2025-09-12 21:00:00,1
2025-09-12 20:10:00,M003,BATCH_070,kraft,7.312415637720978,26.277692472248454,50.55781741161199,2025-09-12 19:00:00,2025-09-12 21:00:00,1
2025-09-12 20:20:00,M003,BATCH_070,kraft,6.066454315217122,25.78422342363295,47.20106338322762,2025-09-12 19:00:00,2025-09-12 21:00:00,1
2025-09-12 20:30:00,M003,BATCH_070,kraft,6.607308500215062,23.604592256212154,45.276503948328546,2025-09-12 19:00:00,2025-09-12 21:00:00,1
2025-09-12 20:40:00,UNKNOWN,BATCH_070,kraft,6.591199991907608,24.96107830129284,49.07357978806641,2025-09-12 19:00:00,2025-09-12 21:00:00,1
2025-09-12 20:50:00,M003,BATCH_070,kraft,6.572695472875303,22.81512918516196,47.03519211423843,2025-09-12 19:00:00,2025-09-12 21:00:00,1
2025-09-12 21:00:00,M003,BATCH_070,kraft,6.324550566491365,25.04702103039118,52.17644324250497,2025-09-12 19:00:00,2025-09-12 21:00:00,1
2025-09-12 23:00:00,M001,BATCH_071,kraft,6.125630166626333,26.80943308316917,53.06213179744139,2025-09-12 23:00:00,2025-09-13 01:00:00,0
2025-09-12 23:10:00,M001,BATCH_071,kraft,6.488642722722294,24.67687573387268,55.87380141539841,2025-09-12 23:00:00,2025-09-13 01:00:00,0
2025-09-12 23:20:00,M001,BATCH_071,kraft,6.710229955260425,24.512175235626646,54.54381833263807,2025-09-12 23:00:00,2025-09-13 01:00:00,0
2025-09-12 23:30:00,M001,BATCH_071,kraft,6.850041914795938,25.246337302795226,53.27516568499361,2025-09-12 23:00:00,2025-09-13 01:00:00,0
2025-09-12 23:40:00,M001,BATCH_071,kraft,6.678387446452774,24.570972965658235,46.28131196827469,2025-09-12 23:00:00,2025-09-13 01:00:00,0
2025-09-12 23:50:00,M001,BATCH_071,kraft,7.421500191657555,26.41159275583937,50.02665073071843,2025-09-12 23:00:00,2025-09-13 01:00:00,0
2025-09-13 00:00:00,M001,BATCH_071,kraft,6.882705487482378,24.890784142225105,49.922702325041946,2025-09-12 23:00:00,2025-09-13 01:00:00,0
2025-09-13 00:10:00,M001,BATCH_071,kraft,,25.913146058050817,58.697651469547004,2025-09-12 23:00:00,2025-09-13 01:00:00,0
2025-09-13 00:20:00,M001,BATCH_071,kraft,6.7105632966350095,,50.42181725507213,2025-09-12 23:00:00,2025-09-13 01:00:00,0
2025-09-13 00:30:00,M001,BATCH_071,kraft,6.553263628989511,25.295464061691305,51.8745806673943,2025-09-12 23:00:00,2025-09-13 01:00:00,0
2025-09-13 00:40:00,M001,BATCH_071,kraft,6.504793010998255,23.733636078972943,47.52318436436989,2025-09-12 23:00:00,2025-09-13 01:00:00,0
2025-09-13 00:50:00,M001,BATCH_071,kraft,6.568648752809045,24.007914863517534,43.878315669679814,2025-09-12 23:00:00,2025-09-13 01:00:00,0
2025-09-13 01:00:00,M001,BATCH_071,kraft,6.17561664671992,24.005277666507034,58.50857236404211,2025-09-12 23:00:00,2025-09-13 01:00:00,0
2025-09-13 03:00:00,M004,BATCH_072,newsprint,5.45101949871573,24.098832460429115,44.705919735798076,2025-09-13 03:00:00,2025-09-13 05:00:00,0
2025-09-13 03:10:00,M004,BATCH_072,newsprint,6.272221333911843,22.71362227076927,58.413025765045724,2025-09-13 03:00:00,2025-09-13 05:00:00,0
2025-09-13 03:20:00,M004,BATCH_072,newsprint,6.6652628017347375,23.696671362771625,,2025-09-13 03:00:00,2025-09-13 05:00:00,0
2025-09-13 03:30:00,M004,BATCH_072,newsprint,6.98566451463811,25.27313561769998,48.92103196842355,2025-09-13 03:00:00,2025-09-13 05:00:00,0
2025-09-13 03:40:00,M004,BATCH_072,newsprint,6.352382508997628,24.905357231342226,46.78323821950369,2025-09-13 03:00:00,2025-09-13 05:00:00,0
2025-09-13 03:50:00,M004,BATCH_072,newsprint,5.830092446284096,23.317678913025173,48.98072264291538,2025-09-13 03:00:00,2025-09-13 05:00:00,0
2025-09-13 04:00:00,M004,BATCH_072,newsprint,,24.434469467096754,53.585382220018715,2025-09-13 03:00:00,2025-09-13 05:00:00,0
2025-09-13 04:10:00,M004,BATCH_072,newsprint,6.926129949579323,25.59075956857671,47.42582183141585,2025-09-13 03:00:00,2025-09-13 05:00:00,0
2025-09-13 04:20:00,M004,BATCH_072,,6.572072422697548,24.272738324275025,58.70267213051444,2025-09-13 03:00:00,2025-09-13 05:00:00,0
2025-09-13 04:30:00,M004,BATCH_072,newsprint,6.393131019271386,23.38823597802853,64.00230257781915,2025-09-13 03:00:00,2025-09-13 05:00:00,0
2025-09-13 04:40:00,UNKNOWN,BATCH_072,newsprint,6.585304461243562,24.708381426321537,47.97210308669965,2025-09-13 03:00:00,2025-09-13 05:00:00,0
2025-09-13 04:50:00,M004,BATCH_072,newsprint,6.503709585493501,27.83693376217349,52.74994470587231,2025-09-13 03:00:00,2025-09-13 05:00:00,0
2025-09-13 05:00:00,M004,BATCH_072,newsprint,6.871620040447915,22.69414823662472,53.676477999434674,2025-09-13 03:00:00,2025-09-13 05:00:00,0
2025-09-13 07:00:00,M003,BATCH_073,kraft,6.67749285445812,21.366840503532185,47.317404210195996,2025-09-13 07:00:00,2025-09-13 09:00:00,0
2025-09-13 07:10:00,M003,BATCH_073,kraft,6.1854173896209,21.022558058441206,43.62079282358963,2025-09-13 07:00:00,2025-09-13 09:00:00,0
2025-09-13 07:20:00,M003,BATCH_073,kraft,6.4444825704651905,27.39290801034117,56.79362194675437,2025-09-13 07:00:00,2025-09-13 09:00:00,0
2025-09-13 07:30:00,M003,BATCH_073,kraft,5.167786610833127,23.21764848412115,56.35333085999874,2025-09-13 07:00:00,2025-09-13 09:00:00,0
2025-09-13 07:40:00,M003,BATCH_073,kraft,6.438989730073292,26.309286135569565,42.115235650305785,2025-09-13 07:00:00,2025-09-13 09:00:00,0
2025-09-13 07:50:00,M003,BATCH_073,kraft,6.759933055595495,25.23924494644339,51.18509454544701,2025-09-13 07:00:00,2025-09-13 09:00:00,0
2025-09-13 08:00:00,M003,BATCH_073,kraft,6.569449476019776,24.652344904570057,51.74479997759866,2025-09-13 07:00:00,2025-09-13 09:00:00,0
2025-09-13 08:10:00,M003,BATCH_073,kraft,7.399813352743141,25.711400823331417,48.057694541367354,2025-09-13 07:00:00,2025-09-13 09:00:00,0
2025-09-13 08:20:00,M003,BATCH_073,kraft,6.247237512224565,24.2325357869037,45.91384603029826,2025-09-13 07:00:00,2025-09-13 09:00:00,0
2025-09-13 08:30:00,M003,BATCH_073,kraft,6.307789149615932,25.598442564981617,48.69944444570383,2025-09-13 07:00:00,2025-09-13 09:00:00,0
2025-09-13 08:40:00,M003,BATCH_073,kraft,5.840176484916687,26.973222221589925,48.42922321681892,2025-09-13 07:00:00,2025-09-13 09:00:00,0
2025-09-13 08:50:00,M003,BATCH_073,kraft,6.790042512539264,22.527729634810967,49.93160672476043,2025-09-13 07:00:00,2025-09-13 09:00:00,0
2025-09-13 09:00:00,M003,BATCH_073,kraft,6.091428641982908,21.894611285175277,53.38925044006301,2025-09-13 07:00:00,2025-09-13 09:00:00,0
2025-09-13 11:00:00,M002,BATCH_074,kraft,6.040750661110127,28.318427587951135,48.076828561678994,2025-09-13 11:00:00,2025-09-13 13:00:00,0
2025-09-13 11:10:00,M002,BATCH_074,,6.561906462766662,25.42615062779064,53.743254890001715,2025-09-13 11:00:00,2025-09-13 13:00:00,0
2025-09-13 11:20:00,M002,BATCH_074,kraft,5.984266734945167,25.0889766537538,45.44778260049446,2025-09-13 11:00:00,2025-09-13 13:00:00,0
2025-09-13 11:30:00,M002,BATCH_074,kraft,6.206751582580184,27.432938970073124,45.153572359495904,2025-09-13 11:00:00,2025-09-13 13:00:00,0
2025-09-13 11:40:00,M002,BATCH_074,kraft,6.414110510359217,26.11991951307872,48.032765292347065,2025-09-13 11:00:00,2025-09-13 13:00:00,0
2025-09-13 11:50:00,M002,BATCH_074,kraft,5.548785325869588,23.920421209419715,49.34385446639299,2025-09-13 11:00:00,2025-09-13 13:00:00,0
2025-09-13 12:00:00,M002,BATCH_074,kraft,6.430418611893314,22.61950662079026,57.51646623613701,2025-09-13 11:00:00,2025-09-13 13:00:00,0
2025-09-13 12:10:00,M002,BATCH_074,kraft,6.6499537167024,24.071279176228273,49.39786419206645,2025-09-13 11:00:00,2025-09-13 13:00:00,0
2025-09-13 12:20:00,M002,BATCH_074,kraft,5.921378172709448,27.16449283517058,52.471059918913745,2025-09-13 11:00:00,2025-09-13 13:00:00,0
2025-09-13 12:30:00,M002,BATCH_074,kraft,6.678747896175331,27.391117156747235,45.89309769429499,2025-09-13 11:00:00,2025-09-13 13:00:00,0
2025-09-13 12:40:00,M002,BATCH_074,kraft,6.650642268599621,24.471841625216797,57.024430289633756,2025-09-13 11:00:00,2025-09-13 13:00:00,0
2025-09-13 12:50:00,M002,BATCH_074,kraft,6.806855501701924,26.842338723356487,56.735671378592464,2025-09-13 11:00:00,2025-09-13 13:00:00,0
2025-09-13 13:00:00,M002,BATCH_074,kraft,6.821489542812101,25.018225237273985,53.71991771812351,2025-09-13 11:00:00,2025-09-13 13:00:00,0
2025-09-13 15:00:00,M002,BATCH_075,kraft,7.050282236768023,24.326103395867758,51.58971641772647,2025-09-13 15:00:00,2025-09-13 17:00:00,0
2025-09-13 15:10:00,M002,BATCH_075,kraft,6.798165113980778,27.330687760561148,57.4450991946507,2025-09-13 15:00:00,2025-09-13 17:00:00,0
2025-09-13 15:20:00,M002,BATCH_075,kraft,6.030337898193178,25.807663041402584,51.442323557684375,2025-09-13 15:00:00,2025-09-13 17:00:00,0
2025-09-13 15:30:00,M002,BATCH_075,kraft,5.663206374159328,24.183453083239367,,2025-09-13 15:00:00,2025-09-13 17:00:00,0
2025-09-13 15:40:00,M002,BATCH_075,kraft,5.318083368648454,26.471773027558804,55.18686303417624,2025-09-13 15:00:00,2025-09-13 17:00:00,0
2025-09-13 15:50:00,M002,BATCH_075,kraft,6.508542417332391,24.051579474011536,49.978849606034494,2025-09-13 15:00:00,2025-09-13 17:00:00,0
2025-09-13 16:00:00,M002,BATCH_075,kraft,5.895543882282739,21.852444310351977,59.70199534688964,2025-09-13 15:00:00,2025-09-13 17:00:00,0
2025-09-13 16:10:00,M002,BATCH_075,kraft,5.495110174091302,26.499114801221843,54.35723770507872,2025-09-13 15:00:00,2025-09-13 17:00:00,0
2025-09-13 16:20:00,M002,BATCH_075,kraft,6.1871203606707725,22.48738638502105,33.533733757493096,2025-09-13 15:00:00,2025-09-13 17:00:00,0
2025-09-13 16:30:00,M002,BATCH_075,kraft,,25.961790289529397,55.14832734877825,2025-09-13 15:00:00,2025-09-13 17:00:00,0
2025-09-13 16:40:00,M002,BATCH_075,kraft,6.034327237132905,25.06639927596041,53.10284220345598,2025-09-13 15:00:00,2025-09-13 17:00:00,0
2025-09-13 16:50:00,M002,BATCH_075,kraft,6.947223905225992,22.592967218374085,41.56829485094936,2025-09-13 15:00:00,2025-09-13 17:00:00,0
2025-09-13 17:00:00,M002,BATCH_075,kraft,5.725580265945106,23.185817394275933,43.834703923016235,2025-09-13 15:00:00,2025-09-13 17:00:00,0
2025-09-13 19:00:00,M003,BATCH_076,coated,6.713473439959405,25.479396817694095,51.81064139220167,2025-09-13 19:00:00,2025-09-13 21:00:00,0
2025-09-13 19:10:00,M003,BATCH_076,coated,6.855718736893402,23.984633175015396,57.213098030231464,2025-09-13 19:00:00,2025-09-13 21:00:00,0
2025-09-13 19:20:00,M003,BATCH_076,coated,,29.937682088848113,57.61782028080863,2025-09-13 19:00:00,2025-09-13 21:00:00,0
2025-09-13 19:30:00,M003,BATCH_076,coated,6.770402979761962,26.526568064471647,50.25740312075425,2025-09-13 19:00:00,2025-09-13 21:00:00,0
2025-09-13 19:40:00,M003,BATCH_076,coated,6.033267565687036,22.023563128128462,61.33415840982356,2025-09-13 19:00:00,2025-09-13 21:00:00,0
2025-09-13 19:50:00,M003,BATCH_076,coated,7.881004733572324,30.081754737403323,57.32379854265034,2025-09-13 19:00:00,2025-09-13 21:00:00,0
2025-09-13 20:00:00,M003,BATCH_076,coated,5.889939217889526,27.316938426167603,42.49463929109962,2025-09-13 19:00:00,2025-09-13 21:00:00,0
2025-09-13 20:10:00,M003,BATCH_076,coated,6.50313166181786,26.697150722836398,44.20997534407411,2025-09-13 19:00:00,2025-09-13 21:00:00,0
2025-09-13 20:20:00,M003,BATCH_076,coated,6.000808554947945,22.129177966161343,43.35244662414387,2025-09-13 19:00:00,2025-09-13 21:00:00,0
2025-09-13 20:30:00,M003,BATCH_076,coated,7.2132119068521625,25.088147808462548,,2025-09-13 19:00:00,2025-09-13 21:00:00,0
2025-09-13 20:40:00,M003,BATCH_076,coated,6.695065193963,26.504633612287474,47.39968457413491,2025-09-13 19:00:00,2025-09-13 21:00:00,0
2025-09-13 20:50:00,M003,BATCH_076,coated,6.129673215655821,23.53050120430685,42.394190891678136,2025-09-13 19:00:00,2025-09-13 21:00:00,0
2025-09-13 21:00:00,M003,BATCH_076,coated,6.572871229520451,24.225674749427387,45.22051766675883,2025-09-13 19:00:00,2025-09-13 21:00:00,0
2025-09-13 23:00:00,M002,BATCH_077,newsprint,6.63602677394092,24.87892976716493,53.39327093030107,2025-09-13 23:00:00,2025-09-14 01:00:00,1
2025-09-13 23:10:00,M002,BATCH_077,newsprint,6.413950345517967,23.606094333098866,36.84267579141791,2025-09-13 23:00:00,2025-09-14 01:00:00,1
2025-09-13 23:20:00,M002,BATCH_077,newsprint,7.060701076794371,27.31314561784201,43.44384293626328,2025-09-13 23:00:00,2025-09-14 01:00:00,1
2025-09-13 23:30:00,M002,BATCH_077,newsprint,7.381957551528134,25.829362896827078,48.84006429071124,2025-09-13 23:00:00,2025-09-14 01:00:00,1
2025-09-13 23:40:00,M002,BATCH_077,newsprint,6.411416382293569,21.650186979582525,57.852871695461225,2025-09-13 23:00:00,2025-09-14 01:00:00,1
2025-09-13 23:50:00,M002,BATCH_077,newsprint,6.004480619069387,24.410739840290553,,2025-09-13 23:00:00,2025-09-14 01:00:00,1
2025-09-14 00:00:00,M002,BATCH_077,newsprint,6.779909008979248,24.949813370250684,59.01480958132584,2025-09-13 23:00:00,2025-09-14 01:00:00,1
2025-09-14 00:10:00,M002,BATCH_077,newsprint,6.779831439281457,22.799488882964845,48.79445675615239,2025-09-13 23:00:00,2025-09-14 01:00:00,1
2025-09-14 00:20:00,M002,BATCH_077,newsprint,7.978997428182187,23.522207303567576,48.226601681441686,2025-09-13 23:00:00,2025-09-14 01:00:00,1
2025-09-14 00:30:00,M002,BATCH_077,newsprint,5.78092736662028,23.561938509124424,45.70364815421835,2025-09-13 23:00:00,2025-09-14 01:00:00,1
2025-09-14 00:40:00,M002,BATCH_077,newsprint,6.550761322935751,25.6804128528368,54.33128888451987,2025-09-13 23:00:00,2025-09-14 01:00:00,1
2025-09-14 00:50:00,M002,BATCH_077,newsprint,6.609522488851372,25.484825585525854,47.98907075629937,2025-09-13 23:00:00,2025-09-14 01:00:00,1
2025-09-14 01:00:00,UNKNOWN,BATCH_077,newsprint,5.925322789642657,,,2025-09-13 23:00:00,2025-09-14 01:00:00,1
2025-09-14 03:00:00,M003,BATCH_078,coated,7.482741406185941,27.875137251905105,55.36254462804236,2025-09-14 03:00:00,2025-09-14 05:00:00,0
2025-09-14 03:10:00,M003,BATCH_078,coated,6.425696157624896,27.187975184081598,46.862846045041735,2025-09-14 03:00:00,2025-09-14 05:00:00,0
2025-09-14 03:20:00,M003,BATCH_078,coated,6.104639556636837,23.34125447166894,57.12096233585113,2025-09-14 03:00:00,2025-09-14 05:00:00,0
2025-09-14 03:30:00,M003,BATCH_078,coated,6.620928385490129,23.86063959559764,58.57298936608802,2025-09-14 03:00:00,2025-09-14 05:00:00,0
2025-09-14 03:40:00,M003,BATCH_078,coated,6.238054201850721,21.73024720187565,46.35253723487766,2025-09-14 03:00:00,2025-09-14 05:00:00,0
2025-09-14 03:50:00,M003,BATCH_078,coated,6.588481908893679,26.69135857205039,41.35444290875549,2025-09-14 03:00:00,2025-09-14 05:00:00,0
2025-09-14 04:00:00,M003,BATCH_078,coated,6.677284345656608,22.095279711696172,53.29384847011153,2025-09-14 03:00:00,2025-09-14 05:00:00,0
2025-09-14 04:10:00,M003,BATCH_078,coated,6.146871386224916,22.685933518480123,44.807799636258466,2025-09-14 03:00:00,2025-09-14 05:00:00,0
2025-09-14 04:20:00,M003,BATCH_078,coated,6.025351723801752,22.980578048387923,52.87255806153917,2025-09-14 03:00:00,2025-09-14 05:00:00,0
2025-09-14 04:30:00,M003,BATCH_078,coated,6.323854577383061,22.529641805341594,49.23529809114322,2025-09-14 03:00:00,2025-09-14 05:00:00,0
2025-09-14 04:40:00,M003,BATCH_078,coated,6.0473010574291655,22.46342032418102,42.11717448359944,2025-09-14 03:00:00,2025-09-14 05:00:00,0
2025-09-14 04:50:00,M003,BATCH_078,coated,6.463202966162629,23.495367987405718,53.17428929331974,2025-09-14 03:00:00,2025-09-14 05:00:00,0
2025-09-14 05:00:00,M003,BATCH_078,coated,6.4625930759614265,19.461383251728897,46.04415619090237,2025-09-14 03:00:00,2025-09-14 05:00:00,0
2025-09-14 07:00:00,M003,BATCH_079,coated,6.468011698427387,27.249576006276047,46.672304579003715,2025-09-14 07:00:00,2025-09-14 09:00:00,0
2025-09-14 07:10:00,M003,BATCH_079,coated,6.3985152332480375,29.346338143194366,44.54924066505833,2025-09-14 07:00:00,2025-09-14 09:00:00,0
2025-09-14 07:20:00,M003,BATCH_079,coated,6.2306854326869745,21.324234048694027,53.2813789555424,2025-09-14 07:00:00,2025-09-14 09:00:00,0
2025-09-14 07:30:00,M003,BATCH_079,coated,6.168318760029819,26.60292760251548,44.56141752817717,2025-09-14 07:00:00,2025-09-14 09:00:00,0
2025-09-14 07:40:00,M003,BATCH_079,coated,5.739615435773519,29.247302965588847,54.934773471288665,2025-09-14 07:00:00,2025-09-14 09:00:00,0
2025-09-14 07:50:00,M003,BATCH_079,coated,7.151873557510894,23.10016293521514,47.49410493035862,2025-09-14 07:00:00,2025-09-14 09:00:00,0
2025-09-14 08:00:00,M003,BATCH_079,,6.384297825250558,23.016981921609176,52.87852960994915,2025-09-14 07:00:00,2025-09-14 09:00:00,0
2025-09-14 08:10:00,M003,BATCH_079,coated,6.441113089305681,25.59705805637452,50.81142619385166,2025-09-14 07:00:00,2025-09-14 09:00:00,0
2025-09-14 08:20:00,M003,BATCH_079,coated,6.671977363224332,25.545159631669947,46.87425760975474,2025-09-14 07:00:00,2025-09-14 09:00:00,0
2025-09-14 08:30:00,M003,BATCH_079,coated,6.948975233818491,23.44444463884973,55.274459903827676,2025-09-14 07:00:00,2025-09-14 09:00:00,0
2025-09-14 08:40:00,M003,BATCH_079,coated,7.451310474854564,25.546592746755877,57.96785142257441,2025-09-14 07:00:00,2025-09-14 09:00:00,0
2025-09-14 08:50:00,M003,BATCH_079,coated,6.365098544731476,24.75531861205301,40.99926291674679,2025-09-14 07:00:00,2025-09-14 09:00:00,0
2025-09-14 09:00:00,M003,BATCH_079,coated,7.080244674542289,23.799404013116362,47.868408823355864,2025-09-14 07:00:00,2025-09-14 09:00:00,0
2025-09-14 11:00:00,M001,BATCH_080,kraft,5.974349964844918,26.810591847333374,53.11616835591838,2025-09-14 11:00:00,2025-09-14 13:00:00,0
2025-09-14 11:10:00,M001,BATCH_080,kraft,,26.082313279939363,54.19645830367246,2025-09-14 11:00:00,2025-09-14 13:00:00,0
2025-09-14 11:20:00,M001,BATCH_080,kraft,6.447132787721429,27.834943520147114,47.03939094256852,2025-09-14 11:00:00,2025-09-14 13:00:00,0
2025-09-14 11:30:00,M001,BATCH_080,kraft,6.057629647530907,24.169704227524385,44.07410327468479,2025-09-14 11:00:00,2025-09-14 13:00:00,0
2025-09-14 11:40:00,M001,BATCH_080,kraft,7.139111794049357,26.188561166922714,52.20461520171323,2025-09-14 11:00:00,2025-09-14 13:00:00,0
2025-09-14 11:50:00,M001,BATCH_080,kraft,6.7857806992982725,29.43215066378488,47.20628481156257,2025-09-14 11:00:00,2025-09-14 13:00:00,0
2025-09-14 12:00:00,M001,BATCH_080,kraft,7.011657327312648,24.80530415207671,53.70479923571008,2025-09-14 11:00:00,2025-09-14 13:00:00,0
2025-09-14 12:10:00,M001,BATCH_080,kraft,7.493381752890933,28.00820685046495,48.08463596163449,2025-09-14 11:00:00,2025-09-14 13:00:00,0
2025-09-14 12:20:00,M001,BATCH_080,kraft,6.843731891288239,22.75943702778187,50.6987651492478,2025-09-14 11:00:00,2025-09-14 13:00:00,0
2025-09-14 12:30:00,M001,BATCH_080,kraft,6.133150916456707,25.1727430029059,50.64583577957689,2025-09-14 11:00:00,2025-09-14 13:00:00,0
2025-09-14 12:40:00,M001,BATCH_080,kraft,6.757791133079635,23.303150810902867,55.45088146290361,2025-09-14 11:00:00,2025-09-14 13:00:00,0
2025-09-14 12:50:00,M001,BATCH_080,kraft,6.587134884688809,23.970864449996824,48.00589879008677,2025-09-14 11:00:00,2025-09-14 13:00:00,0
2025-09-14 13:00:00,M001,BATCH_080,kraft,5.959099651367232,26.915284994215003,40.92535988342255,2025-09-14 11:00:00,2025-09-14 13:00:00,0
2025-09-14 15:00:00,M001,BATCH_081,kraft,7.290965401941446,28.471474661473103,,2025-09-14 15:00:00,2025-09-14 17:00:00,0
2025-09-14 15:10:00,M001,BATCH_081,kraft,6.50865486978741,23.043182325878753,52.67832078336998,2025-09-14 15:00:00,2025-09-14 17:00:00,0
2025-09-14 15:20:00,M001,BATCH_081,kraft,6.42462870335559,22.46514565008391,41.443036737109644,2025-09-14 15:00:00,2025-09-14 17:00:00,0
2025-09-14 15:30:00,M001,BATCH_081,kraft,6.325370004785582,23.405970356666657,45.829647361621504,2025-09-14 15:00:00,2025-09-14 17:00:00,0
2025-09-14 15:40:00,M001,BATCH_081,kraft,6.589239207489409,23.975975577628283,57.207980750368236,2025-09-14 15:00:00,2025-09-14 17:00:00,0
2025-09-14 15:50:00,M001,BATCH_081,kraft,6.989385785017965,25.80889869014725,53.80164996394986,2025-09-14 15:00:00,2025-09-14 17:00:00,0
2025-09-14 16:00:00,M001,BATCH_081,kraft,6.43883466652446,26.68851178592482,56.84672415177422,2025-09-14 15:00:00,2025-09-14 17:00:00,0
2025-09-14 16:10:00,M001,BATCH_081,kraft,7.187265546060698,25.342692245186804,51.36488348742079,2025-09-14 15:00:00,2025-09-14 17:00:00,0
2025-09-14 16:20:00,M001,BATCH_081,kraft,6.288710465092215,23.575225805881942,56.009495344462245,2025-09-14 15:00:00,2025-09-14 17:00:00,0
2025-09-14 16:30:00,M001,BATCH_081,kraft,6.320770214811941,27.21825912553726,46.47128542877598,2025-09-14 15:00:00,2025-09-14 17:00:00,0
2025-09-14 16:40:00,M001,BATCH_081,kraft,7.0178478104397986,24.769386541629835,,2025-09-14 15:00:00,2025-09-14 17:00:00,0
2025-09-14 16:50:00,M001,BATCH_081,kraft,6.713430206295546,22.72458725412525,61.23735802409135,2025-09-14 15:00:00,2025-09-14 17:00:00,0
2025-09-14 17:00:00,M001,BATCH_081,kraft,6.572106391247373,24.328576727380682,46.516681516417975,2025-09-14 15:00:00,2025-09-14 17:00:00,0
2025-09-14 19:00:00,M001,BATCH_082,newsprint,5.984786893374428,26.71009891401461,45.086483247446765,2025-09-14 19:00:00,2025-09-14 21:00:00,0
2025-09-14 19:10:00,M001,BATCH_082,newsprint,5.936158051307275,24.148146278483555,50.036715143787575,2025-09-14 19:00:00,2025-09-14 21:00:00,0
2025-09-14 19:20:00,M001,BATCH_082,newsprint,5.96072236781214,23.600835859409518,43.82470276963022,2025-09-14 19:00:00,2025-09-14 21:00:00,0
2025-09-14 19:30:00,M001,BATCH_082,newsprint,,26.740579548891183,52.71389181130761,2025-09-14 19:00:00,2025-09-14 21:00:00,0
2025-09-14 19:40:00,M001,BATCH_082,newsprint,7.227350490827843,25.229989460798283,54.21052782186639,2025-09-14 19:00:00,2025-09-14 21:00:00,0
2025-09-14 19:50:00,M001,BATCH_082,newsprint,6.733658015452975,24.067081305848557,54.640474164086534,2025-09-14 19:00:00,2025-09-14 21:00:00,0
2025-09-14 20:00:00,M001,BATCH_082,newsprint,6.713136672931784,22.223479245453095,53.156111560939124,2025-09-14 19:00:00,2025-09-14 21:00:00,0
2025-09-14 20:10:00,UNKNOWN,BATCH_082,newsprint,6.040679693181044,25.903933929478946,47.282516708875285,2025-09-14 19:00:00,2025-09-14 21:00:00,0
2025-09-14 20:20:00,M001,BATCH_082,newsprint,6.488955058960018,24.732054035764854,57.70823636394516,2025-09-14 19:00:00,2025-09-14 21:00:00,0
2025-09-14 20:30:00,M001,BATCH_082,newsprint,5.559435746367399,24.2768521730928,61.23078836346455,2025-09-14 19:00:00,2025-09-14 21:00:00,0
2025-09-14 20:40:00,M001,BATCH_082,newsprint,6.479636158310759,29.973288471079915,45.69998477301313,2025-09-14 19:00:00,2025-09-14 21:00:00,0
2025-09-14 20:50:00,M001,BATCH_082,newsprint,5.991042519141506,23.449536333469336,48.51264211242212,2025-09-14 19:00:00,2025-09-14 21:00:00,0
2025-09-14 21:00:00,M001,BATCH_082,,6.125443170047841,27.84846758382736,50.616895473069036,2025-09-14 19:00:00,2025-09-14 21:00:00,0
2025-09-14 23:00:00,M002,BATCH_083,coated,5.47499475930442,27.58427145896387,48.08279627806526,2025-09-14 23:00:00,2025-09-15 01:00:00,0
2025-09-14 23:10:00,M002,BATCH_083,coated,6.523875985558296,20.758070785087853,48.91394552585062,2025-09-14 23:00:00,2025-09-15 01:00:00,0
2025-09-14 23:20:00,M002,BATCH_083,coated,6.75334726011405,23.000268041948203,57.356514665566245,2025-09-14 23:00:00,2025-09-15 01:00:00,0
2025-09-14 23:30:00,M002,BATCH_083,coated,6.904803670515444,22.38339860237381,48.89151319260263,2025-09-14 23:00:00,2025-09-15 01:00:00,0
2025-09-14 23:40:00,M002,BATCH_083,coated,6.849078994504651,24.507400372010533,54.49281169596074,2025-09-14 23:00:00,2025-09-15 01:00:00,0
2025-09-14 23:50:00,M002,BATCH_083,coated,7.142671057592271,27.25698857151785,51.737636850027286,2025-09-14 23:00:00,2025-09-15 01:00:00,0
2025-09-15 00:00:00,M002,BATCH_083,coated,6.621711401359653,19.113683163313983,52.049465161992266,2025-09-14 23:00:00,2025-09-15 01:00:00,0
2025-09-15 00:10:00,M002,BATCH_083,coated,6.413032257867182,25.849120777341035,52.678236000114175,2025-09-14 23:00:00,2025-09-15 01:00:00,0
2025-09-15 00:20:00,M002,BATCH_083,coated,6.110534766601454,24.301891315606177,54.83589070653613,2025-09-14 23:00:00,2025-09-15 01:00:00,0
2025-09-15 00:30:00,M002,BATCH_083,coated,7.258514989976796,20.81304349682844,53.72506815743985,2025-09-14 23:00:00,2025-09-15 01:00:00,0
2025-09-15 00:40:00,M002,BATCH_083,coated,7.027072629945122,23.785262589421126,48.33358064384935,2025-09-14 23:00:00,2025-09-15 01:00:00,0
2025-09-15 00:50:00,M002,BATCH_083,coated,7.154435259901995,26.117404916438947,38.38356802378112,2025-09-14 23:00:00,2025-09-15 01:00:00,0
2025-09-15 01:00:00,M002,BATCH_083,coated,7.420828191425547,24.233970491484826,49.31542210652105,2025-09-14 23:00:00,2025-09-15 01:00:00,0
2025-09-15 03:00:00,M004,BATCH_084,coated,6.386919376752221,23.253267071942762,58.18802336777381,2025-09-15 03:00:00,2025-09-15 05:00:00,0
2025-09-15 03:10:00,M004,BATCH_084,coated,6.093513653017522,21.146857936510607,57.57398464846075,2025-09-15 03:00:00,2025-09-15 05:00:00,0
2025-09-15 03:20:00,M004,BATCH_084,coated,5.806886533238773,28.44188445466485,49.99203885877309,2025-09-15 03:00:00,2025-09-15 05:00:00,0
2025-09-15 03:30:00,UNKNOWN,BATCH_084,coated,6.5483213156767235,24.29591433906531,60.89894527054234,2025-09-15 03:00:00,2025-09-15 05:00:00,0
2025-09-15 03:40:00,M004,BATCH_084,coated,5.432359518862747,21.695832246308225,52.486002946433494,2025-09-15 03:00:00,2025-09-15 05:00:00,0
2025-09-15 03:50:00,M004,BATCH_084,coated,6.6407860146928055,25.38136362473476,40.126919530025646,2025-09-15 03:00:00,2025-09-15 05:00:00,0
2025-09-15 04:00:00,M004,BATCH_084,coated,6.299142535924415,25.905614385984638,44.58137590976388,2025-09-15 03:00:00,2025-09-15 05:00:00,0
2025-09-15 04:10:00,M004,BATCH_084,coated,7.456437041780897,24.87342858819553,45.938082037180365,2025-09-15 03:00:00,2025-09-15 05:00:00,0
2025-09-15 04:20:00,M004,BATCH_084,coated,6.251774335192667,23.53884689746997,48.643176889827785,2025-09-15 03:00:00,2025-09-15 05:00:00,0
2025-09-15 04:30:00,M004,BATCH_084,coated,5.860167218222517,22.70323726730525,56.535464017194926,2025-09-15 03:00:00,2025-09-15 05:00:00,0
2025-09-15 04:40:00,M004,BATCH_084,coated,6.3631672889878645,23.096174766875738,55.2388892069337,2025-09-15 03:00:00,2025-09-15 05:00:00,0
2025-09-15 04:50:00,M004,BATCH_084,coated,5.51144138823461,24.48117821558962,48.69276455957869,2025-09-15 03:00:00,2025-09-15 05:00:00,0
2025-09-15 05:00:00,M004,BATCH_084,coated,5.580337486461503,25.639088955032207,48.85629003917377,2025-09-15 03:00:00,2025-09-15 05:00:00,0
2025-09-15 07:00:00,M002,BATCH_085,kraft,6.312162578903691,20.77611844750375,54.978510249206245,2025-09-15 07:00:00,2025-09-15 09:00:00,0
2025-09-15 07:10:00,M002,BATCH_085,kraft,5.788050792940462,23.80750850362238,57.21087786744989,2025-09-15 07:00:00,2025-09-15 09:00:00,0
2025-09-15 07:20:00,M002,BATCH_085,kraft,6.818375891853797,25.223463761438,43.37936029998369,2025-09-15 07:00:00,2025-09-15 09:00:00,0
2025-09-15 07:30:00,M002,BATCH_085,kraft,6.6431627369618464,28.793563089809403,47.13978213377351,2025-09-15 07:00:00,2025-09-15 09:00:00,0
2025-09-15 07:40:00,M002,BATCH_085,kraft,6.4626246087965455,23.862799041513753,40.87336732402284,2025-09-15 07:00:00,2025-09-15 09:00:00,0
2025-09-15 07:50:00,M002,BATCH_085,kraft,6.761458270973298,25.868588995136943,51.04808663450152,2025-09-15 07:00:00,2025-09-15 09:00:00,0
2025-09-15 08:00:00,M002,BATCH_085,kraft,6.816017961788565,27.169227295079395,51.857586262838126,2025-09-15 07:00:00,2025-09-15 09:00:00,0
2025-09-15 08:10:00,M002,BATCH_085,kraft,7.159082681081166,22.079005817473156,51.68828528524425,2025-09-15 07:00:00,2025-09-15 09:00:00,0
2025-09-15 08:20:00,M002,BATCH_085,kraft,7.668394988008481,24.813812078619122,47.81391558100375,2025-09-15 07:00:00,2025-09-15 09:00:00,0
2025-09-15 08:30:00,M002,BATCH_085,kraft,6.730629787874132,26.240898115590017,49.857948330788325,2025-09-15 07:00:00,2025-09-15 09:00:00,0
2025-09-15 08:40:00,M002,BATCH_085,kraft,6.016688595556112,25.93985122004807,40.70449707020197,2025-09-15 07:00:00,2025-09-15 09:00:00,0
2025-09-15 08:50:00,M002,BATCH_085,kraft,,26.12732717169576,44.62915855167152,2025-09-15 07:00:00,2025-09-15 09:00:00,0
2025-09-15 09:00:00,M002,BATCH_085,kraft,7.334830103915113,25.975431805967524,56.1488887628063,2025-09-15 07:00:00,2025-09-15 09:00:00,0
2025-09-15 11:00:00,M004,BATCH_086,coated,6.766145623193292,26.19381531852491,49.019292153635476,2025-09-15 11:00:00,2025-09-15 13:00:00,0
2025-09-15 11:10:00,M004,BATCH_086,coated,7.664732604083442,,51.08090803889868,2025-09-15 11:00:00,2025-09-15 13:00:00,0
2025-09-15 11:20:00,M004,BATCH_086,coated,8.963053762309844,25.189928927869307,37.29397196441633,2025-09-15 11:00:00,2025-09-15 13:00:00,0
2025-09-15 11:30:00,M004,BATCH_086,coated,6.167140711892779,25.727503825896502,49.657165878850556,2025-09-15 11:00:00,2025-09-15 13:00:00,0
2025-09-15 11:40:00,M004,BATCH_086,coated,,24.753784759323096,42.93913744307363,2025-09-15 11:00:00,2025-09-15 13:00:00,0
2025-09-15 11:50:00,M004,BATCH_086,coated,6.302230379852808,27.28393068027963,52.56961061964142,2025-09-15 11:00:00,2025-09-15 13:00:00,0
2025-09-15 12:00:00,M004,BATCH_086,coated,6.4110979350075645,22.03233569774969,53.05012777699331,2025-09-15 11:00:00,2025-09-15 13:00:00,0
2025-09-15 12:10:00,M004,BATCH_086,coated,7.171429403537158,26.733860121152656,45.85293989765117,2025-09-15 11:00:00,2025-09-15 13:00:00,0
2025-09-15 12:20:00,M004,BATCH_086,coated,6.72680611027986,,54.75454416618281,2025-09-15 11:00:00,2025-09-15 13:00:00,0
2025-09-15 12:30:00,M004,BATCH_086,coated,6.751432663769116,,46.25495592521575,2025-09-15 11:00:00,2025-09-15 13:00:00,0
2025-09-15 12:40:00,M004,BATCH_086,coated,6.411798786054145,25.93212705622702,54.41381755482346,2025-09-15 11:00:00,2025-09-15 13:00:00,0
2025-09-15 12:50:00,M004,BATCH_086,coated,7.01987900523664,24.178937230041978,46.26060687475273,2025-09-15 11:00:00,2025-09-15 13:00:00,0
2025-09-15 13:00:00,M004,BATCH_086,,6.553914755450181,23.87385043047917,43.50037792916866,2025-09-15 11:00:00,2025-09-15 13:00:00,0
2025-09-15 15:00:00,M001,BATCH_087,coated,7.01716556818576,27.368274676157075,39.902492651419884,2025-09-15 15:00:00,2025-09-15 17:00:00,0
2025-09-15 15:10:00,M001,BATCH_087,coated,7.044191252839793,24.933328015436633,57.0017346498777,2025-09-15 15:00:00,2025-09-15 17:00:00,0
2025-09-15 15:20:00,M001,BATCH_087,coated,6.018654993781311,26.136070667380363,54.03280005213814,2025-09-15 15:00:00,2025-09-15 17:00:00,0
2025-09-15 15:30:00,M001,BATCH_087,coated,6.77071078777514,22.776479119196495,46.55133954977254,2025-09-15 15:00:00,2025-09-15 17:00:00,0
2025-09-15 15:40:00,M001,BATCH_087,coated,6.713359872801981,21.368779940061223,52.918605999805465,2025-09-15 15:00:00,2025-09-15 17:00:00,0
2025-09-15 15:50:00,M001,BATCH_087,coated,6.261880762011187,,48.971917863232896,2025-09-15 15:00:00,2025-09-15 17:00:00,0
2025-09-15 16:00:00,M001,BATCH_087,coated,6.545142382750192,21.323722533726446,58.61105352298114,2025-09-15 15:00:00,2025-09-15 17:00:00,0
2025-09-15 16:10:00,M001,BATCH_087,coated,6.472284265046448,31.56964764464999,44.59490920998118,2025-09-15 15:00:00,2025-09-15 17:00:00,0
2025-09-15 16:20:00,M001,BATCH_087,coated,6.00805307977857,24.405670156379035,48.32711283235799,2025-09-15 15:00:00,2025-09-15 17:00:00,0
2025-09-15 16:30:00,M001,BATCH_087,coated,6.967517730444471,26.963108053477413,45.61190247041157,2025-09-15 15:00:00,2025-09-15 17:00:00,0
2025-09-15 16:40:00,M001,BATCH_087,coated,5.928336250333553,25.49914350312632,47.285141530994274,2025-09-15 15:00:00,2025-09-15 17:00:00,0
2025-09-15 16:50:00,M001,BATCH_087,coated,,27.63473368101128,56.43621685879933,2025-09-15 15:00:00,2025-09-15 17:00:00,0
2025-09-15 17:00:00,M001,BATCH_087,coated,5.660333922324922,25.36632891442466,46.12644944065913,2025-09-15 15:00:00,2025-09-15 17:00:00,0
2025-09-15 19:00:00,M003,BATCH_088,newsprint,6.474443089153079,23.147853086969246,42.86744413070674,2025-09-15 19:00:00,2025-09-15 21:00:00,0
2025-09-15 19:10:00,M003,BATCH_088,newsprint,4.967314892981753,27.05978790172213,40.19638758093164,2025-09-15 19:00:00,2025-09-15 21:00:00,0
2025-09-15 19:20:00,M003,BATCH_088,newsprint,6.130623083953568,22.5316260236876,,2025-09-15 19:00:00,2025-09-15 21:00:00,0
2025-09-15 19:30:00,M003,BATCH_088,newsprint,6.3221296852014515,27.239768085662966,48.47309201375204,2025-09-15 19:00:00,2025-09-15 21:00:00,0
2025-09-15 19:40:00,M003,BATCH_088,newsprint,6.715537546901905,24.61393367091619,49.78222159317178,2025-09-15 19:00:00,2025-09-15 21:00:00,0
2025-09-15 19:50:00,M003,BATCH_088,newsprint,,28.617470765951637,48.704642789705815,2025-09-15 19:00:00,2025-09-15 21:00:00,0
2025-09-15 20:00:00,M003,BATCH_088,newsprint,6.590789913809483,22.706406293940198,45.95441287332231,2025-09-15 19:00:00,2025-09-15 21:00:00,0
2025-09-15 20:10:00,M003,BATCH_088,newsprint,6.988356130455027,23.30238541049116,43.650838771509655,2025-09-15 19:00:00,2025-09-15 21:00:00,0
2025-09-15 20:20:00,UNKNOWN,BATCH_088,newsprint,7.362183680988261,23.243021057187367,44.18708876142994,2025-09-15 19:00:00,2025-09-15 21:00:00,0
2025-09-15 20:30:00,M003,BATCH_088,newsprint,8.963053762309844,28.757600823322377,46.15294641773245,2025-09-15 19:00:00,2025-09-15 21:00:00,0
2025-09-15 20:40:00,M003,BATCH_088,newsprint,,25.084816430613046,51.805480282356974,2025-09-15 19:00:00,2025-09-15 21:00:00,0
2025-09-15 20:50:00,M003,BATCH_088,newsprint,8.963053762309844,25.20369450994136,46.33547650968509,2025-09-15 19:00:00,2025-09-15 21:00:00,0
2025-09-15 21:00:00,M003,BATCH_088,newsprint,6.611908909529003,25.363236651053985,49.78107432120101,2025-09-15 19:00:00,2025-09-15 21:00:00,0
2025-09-15 23:00:00,M001,BATCH_089,coated,6.994635545622989,27.23673455027178,53.4764887170448,2025-09-15 23:00:00,2025-09-16 01:00:00,0
2025-09-15 23:10:00,M001,BATCH_089,coated,6.714260713041486,25.330913578389385,58.20415881484137,2025-09-15 23:00:00,2025-09-16 01:00:00,0
2025-09-15 23:20:00,M001,BATCH_089,coated,5.911447925304368,21.817723034571205,40.68409489160899,2025-09-15 23:00:00,2025-09-16 01:00:00,0
2025-09-15 23:30:00,M001,BATCH_089,coated,6.284415547033328,24.748883534862543,42.86208910916398,2025-09-15 23:00:00,2025-09-16 01:00:00,0
2025-09-15 23:40:00,M001,BATCH_089,coated,5.192650650830172,25.00918371819244,52.156089835872216,2025-09-15 23:00:00,2025-09-16 01:00:00,0
2025-09-15 23:50:00,M001,BATCH_089,coated,6.384489827613983,23.68252795296755,54.46738688352549,2025-09-15 23:00:00,2025-09-16 01:00:00,0
2025-09-16 00:00:00,M001,BATCH_089,coated,7.197300818263805,22.745240162045548,54.99536854250247,2025-09-15 23:00:00,2025-09-16 01:00:00,0
2025-09-16 00:10:00,M001,BATCH_089,coated,7.077494651222466,,55.237845712735435,2025-09-15 23:00:00,2025-09-16 01:00:00,0
2025-09-16 00:20:00,M001,BATCH_089,coated,6.206131218136939,27.414147966118765,50.803710519443435,2025-09-15 23:00:00,2025-09-16 01:00:00,0
2025-09-16 00:30:00,M001,BATCH_089,coated,6.629099032154436,24.782530686310793,51.766727688206345,2025-09-15 23:00:00,2025-09-16 01:00:00,0
2025-09-16 00:40:00,M001,BATCH_089,coated,6.527105309985225,20.76022063774439,54.321700906226134,2025-09-15 23:00:00,2025-09-16 01:00:00,0
2025-09-16 00:50:00,M001,BATCH_089,coated,6.0434968899711,24.213299706066582,46.96556865141196,2025-09-15 23:00:00,2025-09-16 01:00:00,0
2025-09-16 01:00:00,M001,BATCH_089,coated,6.633021148252769,28.183670016737675,48.89816555687481,2025-09-15 23:00:00,2025-09-16 01:00:00,0
2025-09-16 03:00:00,M003,BATCH_090,coated,6.7050742920656985,27.99651721472985,,2025-09-16 03:00:00,2025-09-16 05:00:00,1
2025-09-16 03:10:00,M003,BATCH_090,coated,6.6233922178616655,25.805964405868494,57.83495880981766,2025-09-16 03:00:00,2025-09-16 05:00:00,1
2025-09-16 03:20:00,M003,BATCH_090,coated,6.978465705460574,23.192219292262067,49.42490648391158,2025-09-16 03:00:00,2025-09-16 05:00:00,1
2025-09-16 03:30:00,M003,BATCH_090,coated,8.262883422565011,25.10862071645114,47.77072638499883,2025-09-16 03:00:00,2025-09-16 05:00:00,1
2025-09-16 03:40:00,M003,BATCH_090,coated,6.08544268101537,24.967826161692976,33.57981363391882,2025-09-16 03:00:00,2025-09-16 05:00:00,1
2025-09-16 03:50:00,M003,BATCH_090,coated,7.1570900440956615,23.88503037807778,61.517485808851575,2025-09-16 03:00:00,2025-09-16 05:00:00,1
2025-09-16 04:00:00,M003,BATCH_090,coated,7.095260734838483,23.520971108507695,51.79930869921458,2025-09-16 03:00:00,2025-09-16 05:00:00,1
2025-09-16 04:10:00,M003,BATCH_090,coated,7.071844170506872,26.50021493739741,46.33331421225214,2025-09-16 03:00:00,2025-09-16 05:00:00,1
2025-09-16 04:20:00,M003,BATCH_090,coated,6.835284972451442,25.79909025569623,49.62232251776191,2025-09-16 03:00:00,2025-09-16 05:00:00,1
2025-09-16 04:30:00,M003,BATCH_090,coated,6.893937005711646,26.593523661724728,50.83900829806636,2025-09-16 03:00:00,2025-09-16 05:00:00,1
2025-09-16 04:40:00,M003,BATCH_090,coated,6.18822232276516,26.99308024751819,56.958918053708906,2025-09-16 03:00:00,2025-09-16 05:00:00,1
2025-09-16 04:50:00,M003,BATCH_090,coated,7.082195788507668,26.567063542270414,54.47815839822775,2025-09-16 03:00:00,2025-09-16 05:00:00,1
2025-09-16 05:00:00,M003,BATCH_090,coated,6.373799028103072,25.908223455523213,40.86531277959069,2025-09-16 03:00:00,2025-09-16 05:00:00,1
2025-09-16 07:00:00,M002,BATCH_091,newsprint,6.499872436605216,24.131062109641572,45.31080831470328,2025-09-16 07:00:00,2025-09-16 09:00:00,0
2025-09-16 07:10:00,M002,BATCH_091,newsprint,6.644435727826291,27.426883020989738,56.82499405333567,2025-09-16 07:00:00,2025-09-16 09:00:00,0
2025-09-16 07:20:00,M002,BATCH_091,newsprint,6.6487286144324935,25.093211375259127,56.768204547927084,2025-09-16 07:00:00,2025-09-16 09:00:00,0
2025-09-16 07:30:00,M002,BATCH_091,newsprint,5.190942329702823,23.78493726330685,50.49059079380399,2025-09-16 07:00:00,2025-09-16 09:00:00,0
2025-09-16 07:40:00,M002,BATCH_091,newsprint,6.922431842068035,24.26676871362583,43.894681983499694,2025-09-16 07:00:00,2025-09-16 09:00:00,0
2025-09-16 07:50:00,M002,BATCH_091,newsprint,6.777947687428506,24.045502245194168,48.87471163581097,2025-09-16 07:00:00,2025-09-16 09:00:00,0
2025-09-16 08:00:00,M002,BATCH_091,newsprint,5.557380232221583,22.670884460928956,48.17417475540004,2025-09-16 07:00:00,2025-09-16 09:00:00,0
2025-09-16 08:10:00,M002,BATCH_091,newsprint,6.692632849401277,24.007120331246036,52.759386969959714,2025-09-16 07:00:00,2025-09-16 09:00:00,0
2025-09-16 08:20:00,M002,BATCH_091,newsprint,5.893071094683572,21.8884198922835,58.57093646632716,2025-09-16 07:00:00,2025-09-16 09:00:00,0
2025-09-16 08:30:00,M002,BATCH_091,newsprint,6.5163107879392745,22.979522003466258,46.18450212691987,2025-09-16 07:00:00,2025-09-16 09:00:00,0
2025-09-16 08:40:00,M002,BATCH_091,newsprint,6.889099357475977,25.872782728950085,53.18707803516972,2025-09-16 07:00:00,2025-09-16 09:00:00,0
2025-09-16 08:50:00,M002,BATCH_091,,6.27965790610696,26.89150720870538,41.38612947492667,2025-09-16 07:00:00,2025-09-16 09:00:00,0
2025-09-16 09:00:00,M002,BATCH_091,newsprint,5.680815606111994,26.919631612188624,,2025-09-16 07:00:00,2025-09-16 09:00:00,0
2025-09-16 11:00:00,UNKNOWN,BATCH_092,newsprint,6.739324439584637,23.783201351603296,57.0320829627258,2025-09-16 11:00:00,2025-09-16 13:00:00,0
2025-09-16 11:10:00,M003,BATCH_092,newsprint,6.425809888323134,25.646278725059755,48.88822439422943,2025-09-16 11:00:00,2025-09-16 13:00:00,0
2025-09-16 11:20:00,M003,BATCH_092,newsprint,6.19096784537761,25.06378631129363,54.26465069659154,2025-09-16 11:00:00,2025-09-16 13:00:00,0
2025-09-16 11:30:00,M003,BATCH_092,newsprint,6.70503302676321,25.431886561809193,49.025619045806785,2025-09-16 11:00:00,2025-09-16 13:00:00,0
2025-09-16 11:40:00,M003,BATCH_092,newsprint,7.39693039501725,22.302892447930557,50.866498287254196,2025-09-16 11:00:00,2025-09-16 13:00:00,0
2025-09-16 11:50:00,M003,BATCH_092,newsprint,7.147951239949454,25.993263777033736,46.71735266653146,2025-09-16 11:00:00,2025-09-16 13:00:00,0
2025-09-16 12:00:00,M003,BATCH_092,newsprint,6.315847556222838,28.646217050835897,50.96940593438291,2025-09-16 11:00:00,2025-09-16 13:00:00,0
2025-09-16 12:10:00,M003,BATCH_092,newsprint,6.739883054718643,24.17733797030329,55.526155206364656,2025-09-16 11:00:00,2025-09-16 13:00:00,0
2025-09-16 12:20:00,M003,BATCH_092,newsprint,7.1359858602999475,25.516694725978052,49.65288115742096,2025-09-16 11:00:00,2025-09-16 13:00:00,0
2025-09-16 12:30:00,UNKNOWN,BATCH_092,newsprint,5.646046677439905,26.3787940323233,52.890703610565865,2025-09-16 11:00:00,2025-09-16 13:00:00,0
2025-09-16 12:40:00,M003,BATCH_092,newsprint,7.111725363486961,23.783594416036472,48.14969975589333,2025-09-16 11:00:00,2025-09-16 13:00:00,0
2025-09-16 12:50:00,M003,BATCH_092,newsprint,6.422501309782627,30.02674614829581,54.61588959771707,2025-09-16 11:00:00,2025-09-16 13:00:00,0
2025-09-16 13:00:00,M003,BATCH_092,newsprint,5.571402153017338,24.030884383700577,42.054267083674546,2025-09-16 11:00:00,2025-09-16 13:00:00,0
2025-09-16 15:00:00,M001,BATCH_093,newsprint,6.315101787482919,25.202670837756692,48.7839815093312,2025-09-16 15:00:00,2025-09-16 17:00:00,1
2025-09-16 15:10:00,M001,BATCH_093,newsprint,6.62673885566151,28.775659085315674,57.92677024640638,2025-09-16 15:00:00,2025-09-16 17:00:00,1
2025-09-16 15:20:00,M001,BATCH_093,newsprint,,23.8743308125816,44.67520901453835,2025-09-16 15:00:00,2025-09-16 17:00:00,1
2025-09-16 15:30:00,M001,BATCH_093,newsprint,6.347664106255419,26.000210310614552,58.54023335395759,2025-09-16 15:00:00,2025-09-16 17:00:00,1
2025-09-16 15:40:00,M001,BATCH_093,newsprint,7.048629730993048,23.733100721457077,56.66507217796667,2025-09-16 15:00:00,2025-09-16 17:00:00,1
2025-09-16 15:50:00,M001,BATCH_093,newsprint,7.1449743730873205,24.05658049640836,50.14151851485918,2025-09-16 15:00:00,2025-09-16 17:00:00,1
2025-09-16 16:00:00,M001,BATCH_093,newsprint,6.491521806377775,22.58043312184086,,2025-09-16 15:00:00,2025-09-16 17:00:00,1
2025-09-16 16:10:00,M001,BATCH_093,newsprint,6.1137032822808095,25.73747681782072,49.20112614811227,2025-09-16 15:00:00,2025-09-16 17:00:00,1
2025-09-16 16:20:00,M001,BATCH_093,newsprint,6.103771446659684,25.87303817500163,48.70338178959713,2025-09-16 15:00:00,2025-09-16 17:00:00,1
2025-09-16 16:30:00,M001,BATCH_093,newsprint,6.818209790276437,20.981538525720204,48.107806588560585,2025-09-16 15:00:00,2025-09-16 17:00:00,1
2025-09-16 16:40:00,M001,BATCH_093,newsprint,6.671819728724494,22.607372494815536,56.491329659301506,2025-09-16 15:00:00,2025-09-16 17:00:00,1
2025-09-16 16:50:00,M001,BATCH_093,newsprint,7.201228414394712,28.97364421120326,47.42425296790457,2025-09-16 15:00:00,2025-09-16 17:00:00,1
2025-09-16 17:00:00,M001,BATCH_093,newsprint,6.509147276279263,21.695427747833605,47.258615893856174,2025-09-16 15:00:00,2025-09-16 17:00:00,1
2025-09-16 19:00:00,M001,BATCH_094,coated,6.417796501298246,23.933847530928343,41.64896628781696,2025-09-16 19:00:00,2025-09-16 21:00:00,0
2025-09-16 19:10:00,M001,BATCH_094,coated,7.14955189261995,26.136910279795256,44.77838659735856,2025-09-16 19:00:00,2025-09-16 21:00:00,0
2025-09-16 19:20:00,M001,BATCH_094,coated,6.946644270556289,26.264537183586615,53.46980186597381,2025-09-16 19:00:00,2025-09-16 21:00:00,0
2025-09-16 19:30:00,M001,BATCH_094,coated,6.7175220527031065,24.300716830481107,48.17303237306457,2025-09-16 19:00:00,2025-09-16 21:00:00,0
2025-09-16 19:40:00,M001,BATCH_094,coated,6.78383808297567,25.154134661852336,55.867935997769784,2025-09-16 19:00:00,2025-09-16 21:00:00,0
2025-09-16 19:50:00,UNKNOWN,BATCH_094,coated,7.005055860415563,23.704485438077,55.19750758131637,2025-09-16 19:00:00,2025-09-16 21:00:00,0
2025-09-16 20:00:00,M001,BATCH_094,coated,7.109647023444958,25.097907384755462,51.40413931210912,2025-09-16 19:00:00,2025-09-16 21:00:00,0
2025-09-16 20:10:00,M001,BATCH_094,coated,7.16465863465781,25.742547809750377,55.62828018751827,2025-09-16 19:00:00,2025-09-16 21:00:00,0
2025-09-16 20:20:00,M001,BATCH_094,coated,8.963053762309844,23.5909551158121,52.727498914976266,2025-09-16 19:00:00,2025-09-16 21:00:00,0
2025-09-16 20:30:00,M001,BATCH_094,coated,5.587518717463554,23.19754510318559,47.796937358937946,2025-09-16 19:00:00,2025-09-16 21:00:00,0
2025-09-16 20:40:00,M001,BATCH_094,,6.621211922019572,27.830627021052464,52.40131572222694,2025-09-16 19:00:00,2025-09-16 21:00:00,0
2025-09-16 20:50:00,M001,BATCH_094,coated,6.606274497779941,22.622410066976418,37.60477152746931,2025-09-16 19:00:00,2025-09-16 21:00:00,0
2025-09-16 21:00:00,M001,BATCH_094,,6.9637547179989285,25.435607685148273,52.070713302152846,2025-09-16 19:00:00,2025-09-16 21:00:00,0
2025-09-16 23:00:00,M003,BATCH_095,kraft,7.3977458538525145,25.110272172445537,45.89246891320118,2025-09-16 23:00:00,2025-09-17 01:00:00,0
2025-09-16 23:10:00,M003,BATCH_095,kraft,6.1346461797333545,27.312137868155887,54.98427810418634,2025-09-16 23:00:00,2025-09-17 01:00:00,0
2025-09-16 23:20:00,M003,BATCH_095,,7.019748321450978,,46.95206075296456,2025-09-16 23:00:00,2025-09-17 01:00:00,0
2025-09-16 23:30:00,M003,BATCH_095,kraft,5.910372365193172,26.813135466170063,55.005847852603445,2025-09-16 23:00:00,2025-09-17 01:00:00,0
2025-09-16 23:40:00,M003,BATCH_095,kraft,6.876370067690923,24.15235734145196,48.388131737688745,2025-09-16 23:00:00,2025-09-17 01:00:00,0
2025-09-16 23:50:00,M003,BATCH_095,kraft,5.824735792474586,21.4288207310604,48.507969786671225,2025-09-16 23:00:00,2025-09-17 01:00:00,0
2025-09-17 00:00:00,M003,BATCH_095,kraft,6.475705406053966,21.868160814204998,40.06119219421966,2025-09-16 23:00:00,2025-09-17 01:00:00,0
2025-09-17 00:10:00,M003,BATCH_095,kraft,6.380096671361755,24.268209155359802,56.090024884774145,2025-09-16 23:00:00,2025-09-17 01:00:00,0
2025-09-17 00:20:00,M003,BATCH_095,kraft,6.435966804234614,25.915633238409626,50.617827643897364,2025-09-16 23:00:00,2025-09-17 01:00:00,0
2025-09-17 00:30:00,M003,BATCH_095,kraft,7.108494518869958,24.474688962255403,61.760456370112834,2025-09-16 23:00:00,2025-09-17 01:00:00,0
2025-09-17 00:40:00,M003,BATCH_095,kraft,6.404587588693784,23.548404577719584,55.37301215565947,2025-09-16 23:00:00,2025-09-17 01:00:00,0
2025-09-17 00:50:00,M003,BATCH_095,kraft,6.862290330246071,23.625246144253033,53.55077430524125,2025-09-16 23:00:00,2025-09-17 01:00:00,0
2025-09-17 01:00:00,M003,BATCH_095,kraft,7.48487485525419,23.543950679668768,55.989956364664366,2025-09-16 23:00:00,2025-09-17 01:00:00,0
2025-09-17 03:00:00,M002,BATCH_096,newsprint,6.4651113447191,25.06830617979618,46.37064537156493,2025-09-17 03:00:00,2025-09-17 05:00:00,0
2025-09-17 03:10:00,M002,BATCH_096,newsprint,5.958837340179176,26.880829135702005,46.534229069529886,2025-09-17 03:00:00,2025-09-17 05:00:00,0
2025-09-17 03:20:00,M002,BATCH_096,newsprint,7.0332324182627115,24.891544186546952,50.870180163742916,2025-09-17 03:00:00,2025-09-17 05:00:00,0
2025-09-17 03:30:00,M002,BATCH_096,newsprint,7.091698917835214,22.461949440046197,49.9157380383324,2025-09-17 03:00:00,2025-09-17 05:00:00,0
2025-09-17 03:40:00,M002,BATCH_096,newsprint,7.099028573636129,25.56695005989257,,2025-09-17 03:00:00,2025-09-17 05:00:00,0
2025-09-17 03:50:00,M002,BATCH_096,newsprint,6.698940242727111,23.246974724365764,52.52364613142418,2025-09-17 03:00:00,2025-09-17 05:00:00,0
2025-09-17 04:00:00,M002,BATCH_096,newsprint,6.532735588417743,25.57708105890362,52.27398649226045,2025-09-17 03:00:00,2025-09-17 05:00:00,0
2025-09-17 04:10:00,M002,BATCH_096,newsprint,6.0860989103274585,23.64323948311379,41.75973719208323,2025-09-17 03:00:00,2025-09-17 05:00:00,0
2025-09-17 04:20:00,M002,BATCH_096,newsprint,6.460748129182423,26.455222943999708,58.4651785593266,2025-09-17 03:00:00,2025-09-17 05:00:00,0
2025-09-17 04:30:00,M002,BATCH_096,newsprint,6.903799274015943,25.540732131062573,50.24121905551848,2025-09-17 03:00:00,2025-09-17 05:00:00,0
2025-09-17 04:40:00,M002,BATCH_096,newsprint,6.149300822164593,26.89037977024653,64.09457001199942,2025-09-17 03:00:00,2025-09-17 05:00:00,0
2025-09-17 04:50:00,M002,BATCH_096,newsprint,5.67987880742575,23.0430366307752,50.63339414714347,2025-09-17 03:00:00,2025-09-17 05:00:00,0
2025-09-17 05:00:00,M002,BATCH_096,newsprint,6.630126483699401,28.490471293125314,48.99384395832216,2025-09-17 03:00:00,2025-09-17 05:00:00,0
2025-09-17 07:00:00,M001,BATCH_097,coated,6.462691859127974,24.67430200961354,46.45051829342639,2025-09-17 07:00:00,2025-09-17 09:00:00,1
2025-09-17 07:10:00,M001,BATCH_097,coated,6.384342259828022,27.26988600422108,46.45471051833264,2025-09-17 07:00:00,2025-09-17 09:00:00,1
2025-09-17 07:20:00,M001,BATCH_097,coated,7.2018728542128105,22.755152659028738,51.19557012689078,2025-09-17 07:00:00,2025-09-17 09:00:00,1
2025-09-17 07:30:00,M001,BATCH_097,coated,6.644428480188949,25.675263495193782,53.73045766123339,2025-09-17 07:00:00,2025-09-17 09:00:00,1
2025-09-17 07:40:00,M001,BATCH_097,coated,6.188150482845143,26.014853854007402,51.874653836942194,2025-09-17 07:00:00,2025-09-17 09:00:00,1
2025-09-17 07:50:00,M001,BATCH_097,coated,6.803168737618885,25.178216438020335,53.82279855423554,2025-09-17 07:00:00,2025-09-17 09:00:00,1
2025-09-17 08:00:00,M001,BATCH_097,coated,6.190635411660785,25.17115487961258,51.58999383324745,2025-09-17 07:00:00,2025-09-17 09:00:00,1
2025-09-17 08:10:00,M001,BATCH_097,coated,6.925242791019939,23.433710849729,54.262451619454666,2025-09-17 07:00:00,2025-09-17 09:00:00,1
2025-09-17 08:20:00,M001,BATCH_097,coated,8.963053762309844,26.302282176469582,46.52209863538694,2025-09-17 07:00:00,2025-09-17 09:00:00,1
2025-09-17 08:30:00,M001,BATCH_097,coated,6.710640109366202,28.028373864212245,51.164587617268296,2025-09-17 07:00:00,2025-09-17 09:00:00,1
2025-09-17 08:40:00,M001,BATCH_097,coated,6.0407222788142585,27.090066512667452,51.26220543318605,2025-09-17 07:00:00,2025-09-17 09:00:00,1
2025-09-17 08:50:00,M001,BATCH_097,coated,6.238861522228021,24.920800994541402,56.462785281676716,2025-09-17 07:00:00,2025-09-17 09:00:00,1
2025-09-17 09:00:00,M001,BATCH_097,coated,6.722512597473632,27.323671802862304,45.125216823675146,2025-09-17 07:00:00,2025-09-17 09:00:00,1
2025-09-17 11:00:00,M002,BATCH_098,kraft,6.776139323867415,23.990990989687642,52.925098530483275,2025-09-17 11:00:00,2025-09-17 13:00:00,0
2025-09-17 11:10:00,M002,BATCH_098,kraft,6.703737608996286,24.721168919192195,48.991609965720386,2025-09-17 11:00:00,2025-09-17 13:00:00,0
2025-09-17 11:20:00,M002,BATCH_098,kraft,6.005202739409137,23.554749608298113,54.29604561213813,2025-09-17 11:00:00,2025-09-17 13:00:00,0
2025-09-17 11:30:00,M002,BATCH_098,kraft,5.993491834221668,23.832852493653682,49.839580116060596,2025-09-17 11:00:00,2025-09-17 13:00:00,0
2025-09-17 11:40:00,M002,BATCH_098,kraft,6.744456923429441,21.429088858325365,54.311999492815524,2025-09-17 11:00:00,2025-09-17 13:00:00,0
2025-09-17 11:50:00,M002,BATCH_098,kraft,6.5819273813188,25.827976778248523,53.038699828038034,2025-09-17 11:00:00,2025-09-17 13:00:00,0
2025-09-17 12:00:00,M002,BATCH_098,kraft,6.337489461862813,,54.683218399467144,2025-09-17 11:00:00,2025-09-17 13:00:00,0
2025-09-17 12:10:00,M002,BATCH_098,kraft,7.087254604893614,26.321825991033666,50.891768911519726,2025-09-17 11:00:00,2025-09-17 13:00:00,0
2025-09-17 12:20:00,M002,BATCH_098,kraft,6.8247195560278895,25.96907650526294,59.7988966591696,2025-09-17 11:00:00,2025-09-17 13:00:00,0
2025-09-17 12:30:00,M002,BATCH_098,kraft,7.406806726238698,28.39970798421251,54.44431174429429,2025-09-17 11:00:00,2025-09-17 13:00:00,0
2025-09-17 12:40:00,M002,BATCH_098,kraft,7.4653799737669715,25.155420031780906,51.712062904924714,2025-09-17 11:00:00,2025-09-17 13:00:00,0
2025-09-17 12:50:00,M002,BATCH_098,kraft,6.222799895132246,24.168536601351516,55.05107202444641,2025-09-17 11:00:00,2025-09-17 13:00:00,0
2025-09-17 13:00:00,M002,BATCH_098,kraft,6.009719204054752,26.953309430853487,44.86608612235681,2025-09-17 11:00:00,2025-09-17 13:00:00,0
2025-09-17 15:00:00,M001,BATCH_099,coated,6.737421783676482,28.164005090241886,47.02374014549952,2025-09-17 15:00:00,2025-09-17 17:00:00,0
2025-09-17 15:10:00,M001,BATCH_099,coated,6.904388109735742,22.42640168082113,50.24878231762757,2025-09-17 15:00:00,2025-09-17 17:00:00,0
2025-09-17 15:20:00,M001,BATCH_099,coated,6.6805302821375205,26.75813369050515,53.489519116026074,2025-09-17 15:00:00,2025-09-17 17:00:00,0
2025-09-17 15:30:00,M001,BATCH_099,coated,7.187935280049631,23.214617080608345,52.96436401896903,2025-09-17 15:00:00,2025-09-17 17:00:00,0
2025-09-17 15:40:00,M001,BATCH_099,coated,6.1723163586562535,29.41320750900172,56.08959905703684,2025-09-17 15:00:00,2025-09-17 17:00:00,0
2025-09-17 15:50:00,M001,BATCH_099,coated,6.994059906132446,28.420732864805593,52.656120209778564,2025-09-17 15:00:00,2025-09-17 17:00:00,0
2025-09-17 16:00:00,M001,BATCH_099,coated,6.695322814873475,27.32677631321648,46.51162341285933,2025-09-17 15:00:00,2025-09-17 17:00:00,0
2025-09-17 16:10:00,M001,BATCH_099,coated,6.283073985540489,27.87439249096426,52.803920573576356,2025-09-17 15:00:00,2025-09-17 17:00:00,0
2025-09-17 16:20:00,M001,BATCH_099,coated,6.288441895229808,24.185910309299747,43.0925203648771,2025-09-17 15:00:00,2025-09-17 17:00:00,0
2025-09-17 16:30:00,M001,BATCH_099,coated,5.750160993961451,26.205298156007558,49.82275436837758,2025-09-17 15:00:00,2025-09-17 17:00:00,0
2025-09-17 16:40:00,M001,BATCH_099,coated,5.706511666981274,23.78945489523988,46.55215561295089,2025-09-17 15:00:00,2025-09-17 17:00:00,0
2025-09-17 16:50:00,M001,BATCH_099,coated,6.607399447947759,24.47961936390913,52.0623135371214,2025-09-17 15:00:00,2025-09-17 17:00:00,0
2025-09-17 17:00:00,M001,BATCH_099,coated,6.850091369790991,24.984187742622865,55.21504070039296,2025-09-17 15:00:00,2025-09-17 17:00:00,0
2025-09-17 19:00:00,M001,BATCH_100,coated,6.331576794420175,25.782142432290357,45.40193582267806,2025-09-17 19:00:00,2025-09-17 21:00:00,0
2025-09-17 19:10:00,M001,BATCH_100,coated,6.2368496344924,23.886180120898103,52.864585309246095,2025-09-17 19:00:00,2025-09-17 21:00:00,0
2025-09-17 19:20:00,M001,BATCH_100,coated,6.651816672788901,25.13700583988825,47.944862897529,2025-09-17 19:00:00,2025-09-17 21:00:00,0
2025-09-17 19:30:00,M001,BATCH_100,coated,6.834364827510445,27.61984758311176,52.724837045186064,2025-09-17 19:00:00,2025-09-17 21:00:00,0
2025-09-17 19:40:00,M001,BATCH_100,coated,6.377809713971935,23.135287763871442,52.385534668301496,2025-09-17 19:00:00,2025-09-17 21:00:00,0
2025-09-17 19:50:00,M001,BATCH_100,coated,6.38123950038198,23.276579597911525,49.28911442294582,2025-09-17 19:00:00,2025-09-17 21:00:00,0
2025-09-17 20:00:00,M001,BATCH_100,coated,6.818146349350596,21.84791430482546,47.4950493645354,2025-09-17 19:00:00,2025-09-17 21:00:00,0
2025-09-17 20:10:00,M001,BATCH_100,coated,6.941570639631577,23.986407745255296,46.99466652110197,2025-09-17 19:00:00,2025-09-17 21:00:00,0
2025-09-17 20:20:00,M001,BATCH_100,coated,6.822512639905068,23.943806607041015,46.186319683585474,2025-09-17 19:00:00,2025-09-17 21:00:00,0
2025-09-17 20:30:00,M001,BATCH_100,coated,6.698633961771761,23.938233651660788,,2025-09-17 19:00:00,2025-09-17 21:00:00,0
2025-09-17 20:40:00,M001,BATCH_100,,6.695513590841345,26.023287137585314,48.05571820313928,2025-09-17 19:00:00,2025-09-17 21:00:00,0
2025-09-17 20:50:00,M001,BATCH_100,coated,5.969522823496828,27.10690952160323,48.08939826265349,2025-09-17 19:00:00,2025-09-17 21:00:00,0
2025-09-17 21:00:00,M001,BATCH_100,coated,6.632170774222413,23.921919615876583,46.83257831844533,2025-09-17 19:00:00,2025-09-17 21:00:00,0
